CREATE DATABASE  IF NOT EXISTS `rfr3` /*!40100 DEFAULT CHARACTER SET latin1 */;
USE `rfr3`;
-- MySQL dump 10.13  Distrib 5.7.17, for macos10.12 (x86_64)
--
-- Host: localhost    Database: rfr3
-- ------------------------------------------------------
-- Server version	5.7.20

/*!40101 SET @OLD_CHARACTER_SET_CLIENT=@@CHARACTER_SET_CLIENT */;
/*!40101 SET @OLD_CHARACTER_SET_RESULTS=@@CHARACTER_SET_RESULTS */;
/*!40101 SET @OLD_COLLATION_CONNECTION=@@COLLATION_CONNECTION */;
/*!40101 SET NAMES utf8 */;
/*!40103 SET @OLD_TIME_ZONE=@@TIME_ZONE */;
/*!40103 SET TIME_ZONE='+00:00' */;
/*!40014 SET @OLD_UNIQUE_CHECKS=@@UNIQUE_CHECKS, UNIQUE_CHECKS=0 */;
/*!40014 SET @OLD_FOREIGN_KEY_CHECKS=@@FOREIGN_KEY_CHECKS, FOREIGN_KEY_CHECKS=0 */;
/*!40101 SET @OLD_SQL_MODE=@@SQL_MODE, SQL_MODE='NO_AUTO_VALUE_ON_ZERO' */;
/*!40111 SET @OLD_SQL_NOTES=@@SQL_NOTES, SQL_NOTES=0 */;

--
-- Table structure for table `DATABASECHANGELOG`
--

DROP TABLE IF EXISTS `DATABASECHANGELOG`;
/*!40101 SET @saved_cs_client     = @@character_set_client */;
/*!40101 SET character_set_client = utf8 */;
CREATE TABLE `DATABASECHANGELOG` (
  `ID` varchar(255) NOT NULL,
  `AUTHOR` varchar(255) NOT NULL,
  `FILENAME` varchar(255) NOT NULL,
  `DATEEXECUTED` datetime NOT NULL,
  `ORDEREXECUTED` int(11) NOT NULL,
  `EXECTYPE` varchar(10) NOT NULL,
  `MD5SUM` varchar(35) DEFAULT NULL,
  `DESCRIPTION` varchar(255) DEFAULT NULL,
  `COMMENTS` varchar(255) DEFAULT NULL,
  `TAG` varchar(255) DEFAULT NULL,
  `LIQUIBASE` varchar(20) DEFAULT NULL,
  `CONTEXTS` varchar(255) DEFAULT NULL,
  `LABELS` varchar(255) DEFAULT NULL,
  `DEPLOYMENT_ID` varchar(10) DEFAULT NULL
) ENGINE=InnoDB DEFAULT CHARSET=latin1;
/*!40101 SET character_set_client = @saved_cs_client */;

--
-- Dumping data for table `DATABASECHANGELOG`
--

LOCK TABLES `DATABASECHANGELOG` WRITE;
/*!40000 ALTER TABLE `DATABASECHANGELOG` DISABLE KEYS */;
INSERT INTO `DATABASECHANGELOG` VALUES ('00000000000001','jhipster','config/liquibase/changelog/00000000000000_initial_schema.xml','2018-03-09 17:13:02',1,'EXECUTED','7:b10e7bd1b2793b69531cd807677d7f94','createTable tableName=jhi_user; createIndex indexName=idx_user_login, tableName=jhi_user; createIndex indexName=idx_user_email, tableName=jhi_user; createTable tableName=jhi_authority; createTable tableName=jhi_user_authority; addPrimaryKey tableN...','',NULL,'3.5.3',NULL,NULL,'0595782478');
/*!40000 ALTER TABLE `DATABASECHANGELOG` ENABLE KEYS */;
UNLOCK TABLES;

--
-- Table structure for table `DATABASECHANGELOGLOCK`
--

DROP TABLE IF EXISTS `DATABASECHANGELOGLOCK`;
/*!40101 SET @saved_cs_client     = @@character_set_client */;
/*!40101 SET character_set_client = utf8 */;
CREATE TABLE `DATABASECHANGELOGLOCK` (
  `ID` int(11) NOT NULL,
  `LOCKED` bit(1) NOT NULL,
  `LOCKGRANTED` datetime DEFAULT NULL,
  `LOCKEDBY` varchar(255) DEFAULT NULL,
  PRIMARY KEY (`ID`)
) ENGINE=InnoDB DEFAULT CHARSET=latin1;
/*!40101 SET character_set_client = @saved_cs_client */;

--
-- Dumping data for table `DATABASECHANGELOGLOCK`
--

LOCK TABLES `DATABASECHANGELOGLOCK` WRITE;
/*!40000 ALTER TABLE `DATABASECHANGELOGLOCK` DISABLE KEYS */;
INSERT INTO `DATABASECHANGELOGLOCK` VALUES (1,'\0',NULL,NULL);
/*!40000 ALTER TABLE `DATABASECHANGELOGLOCK` ENABLE KEYS */;
UNLOCK TABLES;

--
-- Table structure for table `functional_group`
--

DROP TABLE IF EXISTS `functional_group`;
/*!40101 SET @saved_cs_client     = @@character_set_client */;
/*!40101 SET character_set_client = utf8 */;
CREATE TABLE `functional_group` (
  `id` bigint(20) NOT NULL AUTO_INCREMENT,
  `imt` varchar(255) DEFAULT NULL,
  `imt_1` varchar(255) DEFAULT NULL,
  `imt_2` varchar(255) DEFAULT NULL,
  PRIMARY KEY (`id`)
) ENGINE=InnoDB AUTO_INCREMENT=65 DEFAULT CHARSET=latin1;
/*!40101 SET character_set_client = @saved_cs_client */;

--
-- Dumping data for table `functional_group`
--

LOCK TABLES `functional_group` WRITE;
/*!40000 ALTER TABLE `functional_group` DISABLE KEYS */;
INSERT INTO `functional_group` VALUES (1,'IS&T Eng Solutions Admin','iOS Systems','iOS Systems - Kathryn Hanrahan Pierce'),(2,'IS&T Enterprise Systems','SAP Global Systems','SAP Global Systems - Madhu Alur'),(3,'IS&T Enterprise Systems','Global Access Systems','Global Access Systems - Janette Nolan'),(4,'IS&T Enterprise Systems','Global Access Systems','Global Access Systems - JeanMarie Mariadassou'),(5,'IS&T Eng Solutions Admin','IS&T Eng Solutions Admin - Jim Neeson','Finance & Admin Systems'),(6,'IS&T Eng Solutions Admin','Customer Systems','Customer Systems - Sandeep Mangal'),(7,'GNCS - Admin','GNCS - Platform Services','GNCS - Platform Services - Christopher Manders'),(8,'IS&T Eng Solutions Admin','Partner Solutions and Tech',NULL),(9,'IS&T Enterprise Systems','SAP Global Systems','SAP Global Systems - Laura Neo'),(10,'IS&T Eng Solutions Admin','iOS Systems','iOS Systems - Dheeraj Singh'),(11,'Enterprise Technology Services','Emerging Technology ETS','ETS Architecture and Tech Dev'),(12,'GNCS - Admin','GNCS - Platform Services','GNCS - Data Services'),(13,'Retail and Online Stores','Mobile Apps Admin','Retail IS&T - David Den Boer'),(14,'IS&T Enterprise Systems','Global Access Systems','Global Access Systems - Ranjit Panigrahi'),(15,'EMEIA IS&T Mgt','IS&T G. N. C. S.','IS&T G. N. C. S. - Mark Tonks'),(16,'IS&T Enterprise Systems','IS&T Enterprise Systems - Harald Reiter','Global SAP Technology'),(17,'IS&T Eng Solutions Admin','Customer Systems','Customer Systems - Andy MacFerran'),(18,'IS&T Enterprise Systems','SAP Global Systems','SAP Global Systems - Rob Reilly'),(19,'IS&T Enterprise Systems','IT Governance & Planning - Brandon Casey','IT Governance & Planning - David Taylor'),(20,'IS&T Eng Solutions Admin','Partner Solutions and Tech','Partner Solutions and Tech - Anne Lairmore'),(21,'Enterprise Technology Services','Client Services & Tech (CST)','Collaboration Svcs - Anju Gagneja'),(22,'Retail and Online Stores','Mobile Apps Admin','Mobile Apps'),(23,'Enterprise Technology Services','Emerging Technology ETS','JMET Engineering'),(24,'IS&T Eng Solutions Admin','IS&T Eng Solutions Admin - Jim Neeson','Corp Systems Ent. Services'),(25,'Enterprise Technology Services','Identity Mgmt Svcs','Identity Mgmt Svcs - Vin Agarwal'),(26,'IS&T Eng Solutions Admin','iOS Systems','iOS Systems - Ari Nepon'),(27,'IS&T Management Admin-APAC','IS&T Corporate Systems - APAC','IS&T Corporate Systems - Siew Choo Goh'),(28,'GNCS - Admin','GNCS - Strategy & Software Dev','Data Center Services CA - Mike Mahedy'),(29,'IS&T Enterprise Systems','AMR IS&T',NULL),(30,'Enterprise Technology Services','Identity Mgmt Svcs','IDMS - Client Management'),(31,'IS&T Eng Solutions Admin','Self Service Engineering- Eddie Fan','Self Service Engineering - Shain Korah Scaria'),(32,'IS&T Enterprise Systems','AMR IS&T','AMR IS&T - Paresh Patel'),(33,'Enterprise Technology Services','ETS / Integration Services','ETS/Integration Services - Tom Tan'),(34,'IS&T Enterprise Systems','Global Access Systems','Global Data Warehousing'),(35,'EMEIA IS&T Mgt','I.T. Service COR','I.T. Service COR - Paulo Fernandes Gomes'),(36,'IS&T Enterprise Systems','Global Access Systems','Global Access Systems - Joseph Kotni'),(37,'IS&T Eng Solutions Admin','IS&T Eng Solutions Admin - Jim Neeson',NULL),(38,'IS&T Enterprise Systems','AMR IS&T','AMR IS&T - Jon White'),(39,'IS&T Eng Solutions Admin','Self Service Engineering- Eddie Fan','Self Service Engineering - Ethan DeYoung'),(40,'Enterprise Technology Services','ETS / Integration Services','ETS/Integration Services - Biren Sanghrajka'),(41,'IS&T Management Admin-APAC','IS&T Corporate Systems - APAC','IS&T Corporate Systems -Deepak Modi'),(42,'IS&T Enterprise Systems','SAP Global Systems','SAP Global Systems - Manish Agarwal'),(43,'GNCS - Admin','GNCS - Platform Services','GNCS - Platform Services - Brian Blitzer'),(44,'Enterprise Technology Services','Identity Mgmt Svcs','Core SW Engineering ETS - Selva Subramaniam'),(45,'EMEIA IS&T Mgt','IS&T Corp & Customer Systems - EMEIA','IS&T Corp & Customer Systems - Pina Bithal'),(46,'IS&T Enterprise Systems','IT Governance & Planning - Brandon Casey','Cryptographic Services'),(47,'EMEIA IS&T Mgt','IS&T Corp & Customer Systems - EMEIA','IS&T Corp & Customer Systems - Matteo Caprari,'),(48,'IS&T Enterprise Systems','IS&T Enterprise Systems - Harald Reiter','Sudeep Achalia - Global ABAP'),(49,'IS&T Eng Solutions Admin','Applied Machine Learning','Applied Machine Learning - Vijay Mariadassou'),(50,'EMEIA IS&T Mgt','I.T. Service COR','I.T. Service COR - Turlough Fitzpatrick'),(51,'IS&T Enterprise Systems','IS&T Enterprise Systems - Harald Reiter','Global ABAP'),(52,'IS&T Eng Solutions Admin','IS&T Eng Solutions Admin - Jim Neeson','Corp Systems Dev. Ops'),(53,'IS&T Eng Solutions Admin','Customer Systems','Customer Systems - Amit Bansal'),(54,'IS&T Eng Solutions Admin','Customer Systems','Customer Systems - Vivek Chopra'),(55,'EMEIA IS&T Mgt','IS&T Corp & Customer Systems - EMEIA','IS&T Corp & Customer Systems -  Kellie McDonald'),(56,'IS&T Eng Solutions Admin','Applied Machine Learning','Applied Machine Learning - Michael Artemiw'),(57,'Enterprise Technology Services','ETS / Integration Services','ETS/Integration Services - John Joseph'),(58,'IS&T Enterprise Systems','IS&T Enterprise Systems - Harald Reiter','SAP Arch, Sec & Perf'),(59,'GNCS - Admin','GNCS - Platform Services','GNCS - Platform Services-Ayumi Minamikawa'),(60,'IS&T Enterprise Systems','Global Access Systems','Global Access Systems  - Ralf Rotter'),(61,'IS&T Eng Solutions Admin','Customer Systems','Customer Systems - Scott Leahy'),(62,'IS&T Eng Solutions Admin','iOS Systems','iOS Systems - George Lin'),(63,'Enterprise Technology Services','Emerging Technology ETS','ETS Platform Engineering'),(64,'Enterprise Technology Services','Client Services & Tech (CST)','Client Services & Tech (CST) -  Cameron Wolff');
/*!40000 ALTER TABLE `functional_group` ENABLE KEYS */;
UNLOCK TABLES;

--
-- Table structure for table `jhi_authority`
--

DROP TABLE IF EXISTS `jhi_authority`;
/*!40101 SET @saved_cs_client     = @@character_set_client */;
/*!40101 SET character_set_client = utf8 */;
CREATE TABLE `jhi_authority` (
  `name` varchar(50) NOT NULL,
  PRIMARY KEY (`name`)
) ENGINE=InnoDB DEFAULT CHARSET=latin1;
/*!40101 SET character_set_client = @saved_cs_client */;

--
-- Dumping data for table `jhi_authority`
--

LOCK TABLES `jhi_authority` WRITE;
/*!40000 ALTER TABLE `jhi_authority` DISABLE KEYS */;
INSERT INTO `jhi_authority` VALUES ('ROLE_ADMIN'),('ROLE_USER');
/*!40000 ALTER TABLE `jhi_authority` ENABLE KEYS */;
UNLOCK TABLES;

--
-- Table structure for table `jhi_persistent_audit_event`
--

DROP TABLE IF EXISTS `jhi_persistent_audit_event`;
/*!40101 SET @saved_cs_client     = @@character_set_client */;
/*!40101 SET character_set_client = utf8 */;
CREATE TABLE `jhi_persistent_audit_event` (
  `event_id` bigint(20) NOT NULL AUTO_INCREMENT,
  `principal` varchar(50) NOT NULL,
  `event_date` timestamp NULL DEFAULT NULL,
  `event_type` varchar(255) DEFAULT NULL,
  PRIMARY KEY (`event_id`),
  KEY `idx_persistent_audit_event` (`principal`,`event_date`)
) ENGINE=InnoDB DEFAULT CHARSET=latin1;
/*!40101 SET character_set_client = @saved_cs_client */;

--
-- Dumping data for table `jhi_persistent_audit_event`
--

LOCK TABLES `jhi_persistent_audit_event` WRITE;
/*!40000 ALTER TABLE `jhi_persistent_audit_event` DISABLE KEYS */;
/*!40000 ALTER TABLE `jhi_persistent_audit_event` ENABLE KEYS */;
UNLOCK TABLES;

--
-- Table structure for table `jhi_persistent_audit_evt_data`
--

DROP TABLE IF EXISTS `jhi_persistent_audit_evt_data`;
/*!40101 SET @saved_cs_client     = @@character_set_client */;
/*!40101 SET character_set_client = utf8 */;
CREATE TABLE `jhi_persistent_audit_evt_data` (
  `event_id` bigint(20) NOT NULL,
  `name` varchar(150) NOT NULL,
  `value` varchar(255) DEFAULT NULL,
  PRIMARY KEY (`event_id`,`name`),
  KEY `idx_persistent_audit_evt_data` (`event_id`),
  CONSTRAINT `fk_evt_pers_audit_evt_data` FOREIGN KEY (`event_id`) REFERENCES `jhi_persistent_audit_event` (`event_id`)
) ENGINE=InnoDB DEFAULT CHARSET=latin1;
/*!40101 SET character_set_client = @saved_cs_client */;

--
-- Dumping data for table `jhi_persistent_audit_evt_data`
--

LOCK TABLES `jhi_persistent_audit_evt_data` WRITE;
/*!40000 ALTER TABLE `jhi_persistent_audit_evt_data` DISABLE KEYS */;
/*!40000 ALTER TABLE `jhi_persistent_audit_evt_data` ENABLE KEYS */;
UNLOCK TABLES;

--
-- Table structure for table `jhi_user`
--

DROP TABLE IF EXISTS `jhi_user`;
/*!40101 SET @saved_cs_client     = @@character_set_client */;
/*!40101 SET character_set_client = utf8 */;
CREATE TABLE `jhi_user` (
  `id` bigint(20) NOT NULL AUTO_INCREMENT,
  `login` varchar(50) NOT NULL,
  `password_hash` varchar(60) DEFAULT NULL,
  `first_name` varchar(50) DEFAULT NULL,
  `last_name` varchar(50) DEFAULT NULL,
  `email` varchar(100) DEFAULT NULL,
  `image_url` varchar(256) DEFAULT NULL,
  `activated` bit(1) NOT NULL,
  `lang_key` varchar(6) DEFAULT NULL,
  `activation_key` varchar(20) DEFAULT NULL,
  `reset_key` varchar(20) DEFAULT NULL,
  `created_by` varchar(50) NOT NULL,
  `created_date` timestamp NOT NULL,
  `reset_date` timestamp NULL DEFAULT NULL,
  `last_modified_by` varchar(50) DEFAULT NULL,
  `last_modified_date` timestamp NULL DEFAULT NULL,
  PRIMARY KEY (`id`),
  UNIQUE KEY `ux_user_login` (`login`),
  UNIQUE KEY `idx_user_login` (`login`),
  UNIQUE KEY `ux_user_email` (`email`),
  UNIQUE KEY `idx_user_email` (`email`)
) ENGINE=InnoDB AUTO_INCREMENT=5 DEFAULT CHARSET=latin1;
/*!40101 SET character_set_client = @saved_cs_client */;

--
-- Dumping data for table `jhi_user`
--

LOCK TABLES `jhi_user` WRITE;
/*!40000 ALTER TABLE `jhi_user` DISABLE KEYS */;
INSERT INTO `jhi_user` VALUES (1,'system','$2a$10$mE.qmcV0mFU5NcKh73TZx.z4ueI/.bDWbj0T1BYyqP481kGGarKLG','System','System','system@localhost','','','en',NULL,NULL,'system','2018-03-09 11:43:02',NULL,'system',NULL),(2,'anonymoususer','$2a$10$j8S5d7Sr7.8VTOYNviDPOeWX8KcYILUVJBsYV83Y5NtECayypx9lO','Anonymous','User','anonymous@localhost','','','en',NULL,NULL,'system','2018-03-09 11:43:02',NULL,'system',NULL),(3,'admin','$2a$10$gSAhZrxMllrbgj/kkK9UceBPpChGWJA7SYIb1Mqo.n5aNLq1/oRrC','Administrator','Administrator','admin@localhost','','','en',NULL,NULL,'system','2018-03-09 11:43:02',NULL,'system',NULL),(4,'user','$2a$10$VEjxo0jq2YG9Rbk2HmX9S.k1uZBGYUHdUcid3g/vfiEl7lwWgOH/K','User','User','user@localhost','','','en',NULL,NULL,'system','2018-03-09 11:43:02',NULL,'system',NULL);
/*!40000 ALTER TABLE `jhi_user` ENABLE KEYS */;
UNLOCK TABLES;

--
-- Table structure for table `jhi_user_authority`
--

DROP TABLE IF EXISTS `jhi_user_authority`;
/*!40101 SET @saved_cs_client     = @@character_set_client */;
/*!40101 SET character_set_client = utf8 */;
CREATE TABLE `jhi_user_authority` (
  `user_id` bigint(20) NOT NULL,
  `authority_name` varchar(50) NOT NULL,
  PRIMARY KEY (`user_id`,`authority_name`),
  KEY `fk_authority_name` (`authority_name`),
  CONSTRAINT `fk_authority_name` FOREIGN KEY (`authority_name`) REFERENCES `jhi_authority` (`name`),
  CONSTRAINT `fk_user_id` FOREIGN KEY (`user_id`) REFERENCES `jhi_user` (`id`)
) ENGINE=InnoDB DEFAULT CHARSET=latin1;
/*!40101 SET character_set_client = @saved_cs_client */;

--
-- Dumping data for table `jhi_user_authority`
--

LOCK TABLES `jhi_user_authority` WRITE;
/*!40000 ALTER TABLE `jhi_user_authority` DISABLE KEYS */;
INSERT INTO `jhi_user_authority` VALUES (1,'ROLE_ADMIN'),(3,'ROLE_ADMIN'),(1,'ROLE_USER'),(3,'ROLE_USER'),(4,'ROLE_USER');
/*!40000 ALTER TABLE `jhi_user_authority` ENABLE KEYS */;
UNLOCK TABLES;

--
-- Table structure for table `receiver`
--

DROP TABLE IF EXISTS `receiver`;
/*!40101 SET @saved_cs_client     = @@character_set_client */;
/*!40101 SET character_set_client = utf8 */;
CREATE TABLE `receiver` (
  `id` bigint(20) NOT NULL AUTO_INCREMENT,
  `apple_mail` varchar(255) DEFAULT NULL,
  `groups` json DEFAULT NULL,
  `name` varchar(255) DEFAULT NULL,
  `ps_number` varchar(255) DEFAULT NULL,
  `selected_imt1s` json DEFAULT NULL,
  `selected_imt2s` json DEFAULT NULL,
  `selected_imts` json DEFAULT NULL,
  PRIMARY KEY (`id`)
) ENGINE=InnoDB AUTO_INCREMENT=3 DEFAULT CHARSET=latin1;
/*!40101 SET character_set_client = @saved_cs_client */;

--
-- Dumping data for table `receiver`
--

LOCK TABLES `receiver` WRITE;
/*!40000 ALTER TABLE `receiver` DISABLE KEYS */;
INSERT INTO `receiver` VALUES (1,NULL,'[\"EMEIA IS&T Mgt\", \"I.T. Service COR\", \"I.T. Service COR - Turlough Fitzpatrick\", \"I.T. Service COR - Paulo Fernandes Gomes\", \"IS&T G. N. C. S.\", \"IS&T G. N. C. S. - Mark Tonks\", \"IS&T Corp & Customer Systems - EMEIA\", \"IS&T Corp & Customer Systems -  Kellie McDonald\", \"IS&T Corp & Customer Systems - Matteo Caprari,\", \"IS&T Corp & Customer Systems - Pina Bithal\", \"iOS Systems\", \"iOS Systems - George Lin\", \"iOS Systems - Kathryn Hanrahan Pierce\", \"iOS Systems - Dheeraj Singh\", \"iOS Systems - Ari Nepon\", \"Applied Machine Learning - Michael Artemiw\"]','Sharan Arumugam','10643503','[\"I.T. Service COR\", \"IS&T G. N. C. S.\", \"IS&T Corp & Customer Systems - EMEIA\", \"iOS Systems\"]','[\"I.T. Service COR - Turlough Fitzpatrick\", \"I.T. Service COR - Paulo Fernandes Gomes\", \"IS&T G. N. C. S. - Mark Tonks\", \"IS&T Corp & Customer Systems -  Kellie McDonald\", \"IS&T Corp & Customer Systems - Matteo Caprari,\", \"IS&T Corp & Customer Systems - Pina Bithal\", \"iOS Systems - George Lin\", \"iOS Systems - Kathryn Hanrahan Pierce\", \"iOS Systems - Dheeraj Singh\", \"iOS Systems - Ari Nepon\", \"Applied Machine Learning - Michael Artemiw\"]','[\"EMEIA IS&T Mgt\"]'),(2,NULL,'[\"Retail and Online Stores\", \"Mobile Apps Admin\", \"Retail IS&T - David Den Boer\", \"Mobile Apps\"]','Annapurna','10643511','[\"Mobile Apps Admin\"]','[\"Retail IS&T - David Den Boer\", \"Mobile Apps\"]','[\"Retail and Online Stores\"]');
/*!40000 ALTER TABLE `receiver` ENABLE KEYS */;
UNLOCK TABLES;

--
-- Table structure for table `rfr`
--

DROP TABLE IF EXISTS `rfr`;
/*!40101 SET @saved_cs_client     = @@character_set_client */;
/*!40101 SET character_set_client = utf8 */;
CREATE TABLE `rfr` (
  `request_id` bigint(20) NOT NULL,
  `created_by` varchar(50) NOT NULL,
  `created_date` datetime NOT NULL,
  `last_modified_by` varchar(50) DEFAULT NULL,
  `last_modified_date` datetime DEFAULT NULL,
  `apple_manager` varchar(255) NOT NULL,
  `business_type` varchar(255) NOT NULL,
  `due_date` date NOT NULL,
  `fulfillment` varchar(255) DEFAULT NULL,
  `imt` varchar(255) NOT NULL,
  `imt1` varchar(255) DEFAULT NULL,
  `imt2` varchar(255) DEFAULT NULL,
  `initiator` varchar(255) NOT NULL,
  `location` varchar(255) DEFAULT NULL,
  `offshore_hc` int(11) DEFAULT NULL,
  `onsite_hc` int(11) DEFAULT NULL,
  `project_end_date` date DEFAULT NULL,
  `project_start_date` date DEFAULT NULL,
  `request_title` varchar(255) NOT NULL,
  `request_type` varchar(255) NOT NULL,
  `rfp_project_model` varchar(255) DEFAULT NULL,
  `rfp_project_type` varchar(255) DEFAULT NULL,
  `role` varchar(255) DEFAULT NULL,
  `send_date` date NOT NULL,
  `skills` varchar(255) DEFAULT NULL,
  `status` int(11) NOT NULL,
  `technology` varchar(255) DEFAULT NULL,
  `vendor` varchar(255) DEFAULT NULL,
  PRIMARY KEY (`request_id`)
) ENGINE=InnoDB DEFAULT CHARSET=latin1;
/*!40101 SET character_set_client = @saved_cs_client */;

--
-- Dumping data for table `rfr`
--

LOCK TABLES `rfr` WRITE;
/*!40000 ALTER TABLE `rfr` DISABLE KEYS */;
INSERT INTO `rfr` VALUES (15648,'admin','2018-03-09 17:14:27','admin','2018-03-09 17:14:27','Mike Carter','NEW_BUSINESS','2017-05-16',NULL,'GNCS - Admin','GNCS - Strategy & Software Dev','Data Center Services CA - Mike Mahedy','Mike Carter',NULL,NULL,NULL,NULL,'2017-06-01','Business Analyst with expert Service Now experience','RFR',NULL,'Not Applicable','Analyst','2017-05-09',NULL,0,NULL,'LTI'),(15658,'admin','2018-03-09 17:14:27','admin','2018-03-09 17:14:27','Kim Iverson','NEW_BUSINESS','2017-06-30',NULL,'IS&T Enterprise Systems','IT Governance & Planning - Brandon Casey','Cryptographic Services','Kim Iverson',NULL,NULL,NULL,NULL,'2017-05-30','IT Project Manager - Crypto Services (Infra)','RFR',NULL,'Not Applicable','Project Manager','2017-05-10',NULL,3,NULL,'LTI'),(15691,'admin','2018-03-09 17:14:27','admin','2018-03-09 17:14:27','Cameron Wolff','NEW_BUSINESS','2017-05-29',NULL,'Enterprise Technology Services','Client Services & Tech (CST)','Client Services & Tech (CST) -  Cameron Wolff','Cameron Wolff',NULL,NULL,NULL,'2017-09-30','2017-07-03','IS&T Web Front-End Developer','RFR',NULL,'Not Applicable','Software Engineer','2017-05-15',NULL,2,NULL,'LTI'),(15720,'admin','2018-03-09 17:14:27','admin','2018-03-09 17:14:27','Manu Bhatnagar','NEW_BUSINESS','2017-06-17',NULL,'GNCS - Admin','GNCS - Platform Services','GNCS - Platform Services-Ayumi Minamikawa','Manu Bhatnagar',NULL,NULL,NULL,'2017-09-29','2017-05-22','Disaster Recovery Project Manager','RFR',NULL,'Not Applicable','Project Manager','2017-05-18',NULL,3,NULL,'LTI'),(15767,'admin','2018-03-09 17:14:27','admin','2018-03-09 17:14:27','Justin Gaerlan','RENEWAL','2017-05-25',NULL,'IS&T Eng Solutions Admin','Applied Machine Learning','Applied Machine Learning - Michael Artemiw','Kevin Kwon',NULL,NULL,NULL,'2016-12-30','2016-09-26','L&T Infotech- FY17 Q3 Nikhil Mandlik','RFR',NULL,'Not Applicable',NULL,'2017-05-18',NULL,3,NULL,'LTI'),(15943,'admin','2018-03-09 17:14:27','admin','2018-03-09 17:14:27','Rebecca Lee','NEW_BUSINESS','2017-06-08',NULL,'Enterprise Technology Services','ETS / Integration Services','ETS/Integration Services - Biren Sanghrajka','Rebecca Lee',NULL,NULL,NULL,'2017-09-30','2017-07-02','L&T: Renewal Contractors','RFR',NULL,'Not Applicable','Analyst','2017-05-25',NULL,2,NULL,'LTI'),(16009,'admin','2018-03-09 17:14:27','admin','2018-03-09 17:14:27','Sruthi Renudevan','NEW_BUSINESS','2017-06-09',NULL,'GNCS - Admin','GNCS - Platform Services','GNCS - Platform Services - Christopher Manders','Sruthi Renudevan',NULL,NULL,NULL,'2017-09-29','2017-06-20','UI/UX - Front end Developer for Shield','RFR',NULL,'Not Applicable','Software Engineer','2017-05-26',NULL,3,NULL,'LTI'),(16122,'admin','2018-03-09 17:14:27','admin','2018-03-09 17:14:27','Matthew Mucklo','NEW_BUSINESS','2017-06-17',NULL,'GNCS - Admin','GNCS - Strategy & Software Dev','Data Center Services CA - Mike Mahedy','Matthew Mucklo',NULL,NULL,NULL,'2017-09-30','2017-05-23','Experienced Angular 2 / Angular 4 developer desired','RFR',NULL,'Not Applicable','Software Engineer','2017-05-31',NULL,3,NULL,'LTI'),(16416,'admin','2018-03-09 17:14:27','admin','2018-03-09 17:14:27','Chenxi Zhang','NEW_BUSINESS','2017-06-21',NULL,'Enterprise Technology Services','Emerging Technology ETS','JMET Engineering','Han Yu',NULL,NULL,NULL,'2017-09-07','2017-06-07','QA Engineer','RFR',NULL,'Not Applicable','QA Engineer','2017-06-07',NULL,3,NULL,'LTI'),(16453,'admin','2018-03-09 17:14:27','admin','2018-03-09 17:14:27','Noah Campbell','NEW_BUSINESS','2017-06-29',NULL,'GNCS - Admin','GNCS - Platform Services','GNCS - Platform Services - Brian Blitzer','Noah Campbell',NULL,NULL,NULL,'2017-12-01','2017-07-01','Linux Software Engineer on Monsoon and GCS Infrastructure','RFR',NULL,'Not Applicable','Software Engineer','2017-06-07',NULL,3,NULL,'LTI'),(16647,'admin','2018-03-09 17:14:27','admin','2018-03-09 17:14:27','Kim Limbrick','NEW_BUSINESS','2017-06-26',NULL,'Enterprise Technology Services','Emerging Technology ETS','ETS Platform Engineering','Kim Limbrick',NULL,NULL,NULL,'2017-09-29','2017-07-03','Chatterbox - FY17 - Q4 - SS Resource','RFR',NULL,'Not Applicable','Software Engineer','2017-06-12',NULL,3,NULL,'LTI'),(16677,'admin','2018-03-09 17:14:27','admin','2018-03-09 17:14:27','Sruthi Renudevan','NEW_BUSINESS','2017-06-26',NULL,'GNCS - Admin','GNCS - Platform Services','GNCS - Platform Services - Christopher Manders','Sruthi Renudevan',NULL,NULL,NULL,'2017-09-30','2017-04-01','Python Ansible Developer','RFR',NULL,'Not Applicable','Software Engineer','2017-06-12',NULL,3,NULL,'LTI'),(16684,'admin','2018-03-09 17:14:27','admin','2018-03-09 17:14:27','Sudhakar Mambakkam','NEW_BUSINESS','2017-06-20',NULL,'Enterprise Technology Services','Identity Mgmt Svcs','Core SW Engineering ETS - Selva Subramaniam','Sudhakar Mambakkam',NULL,NULL,NULL,NULL,'2017-06-21','Java engineer for IdMS platform','RFR',NULL,'Not Applicable','Software Engineer','2017-06-13',NULL,3,NULL,'LTI'),(16752,'admin','2018-03-09 17:14:27','admin','2018-03-09 17:14:27','Justin Gaerlan','RENEWAL','2017-06-30',NULL,'IS&T Eng Solutions Admin','Applied Machine Learning','Applied Machine Learning - Michael Artemiw','Kevin Kwon',NULL,NULL,NULL,'2016-12-30','2016-09-26','L&T Infotech- FY17 Q4 Nikhil Mandlik','RFR',NULL,'Not Applicable',NULL,'2017-06-16',NULL,3,NULL,'LTI'),(16784,'admin','2018-03-09 17:14:27','admin','2018-03-09 17:14:27','Viv Kapadekar','NEW_BUSINESS','2017-07-02',NULL,'IS&T Eng Solutions Admin','Customer Systems','Customer Systems - Vivek Chopra','Viv Kapadekar',NULL,NULL,NULL,NULL,'2017-08-01','Senior Backend/Java Engineer','RFR',NULL,'Not Applicable','Software Engineer','2017-06-27',NULL,1,NULL,'LTI'),(16790,'admin','2018-03-09 17:14:27','admin','2018-03-09 17:14:27','Karthigayan Natarajan','NEW_BUSINESS','2017-07-03',NULL,'Retail and Online Stores','Mobile Apps Admin','Mobile Apps','Karthigayan Natarajan',NULL,NULL,NULL,NULL,NULL,'Operations Support','RFR',NULL,'Not Applicable','Other','2017-06-19',NULL,3,NULL,'LTI'),(16844,'admin','2018-03-09 17:14:27','admin','2018-03-09 17:14:27','John Joseph','NEW_BUSINESS','2017-06-30',NULL,'Enterprise Technology Services','ETS / Integration Services','ETS/Integration Services - John Joseph','John Joseph',NULL,NULL,NULL,NULL,'2017-07-05','webMethods EDI Lead','RFR',NULL,'Not Applicable','Technical Lead','2017-06-21',NULL,3,NULL,'LTI'),(16897,'admin','2018-03-09 17:14:27','admin','2018-03-09 17:14:27','Mohamed Thahir','NEW_BUSINESS','2017-07-25',NULL,'IS&T Eng Solutions Admin','Partner Solutions and Tech','Partner Solutions and Tech - Anne Lairmore','Mohamed Thahir',NULL,NULL,NULL,NULL,'2017-07-26','AEM developer needed','RFR',NULL,'Not Applicable','Software Engineer','2017-07-11',NULL,3,NULL,'LTI'),(16902,'admin','2018-03-09 17:14:27','admin','2018-03-09 17:14:27','Aiswarya (Ash) Karumathil Raghavan','NEW_BUSINESS','2017-07-14',NULL,'Enterprise Technology Services','Emerging Technology ETS','ETS Architecture and Tech Dev','Aiswarya (Ash) Karumathil Raghavan',NULL,NULL,NULL,'2017-09-30','2017-07-03','Engineering Project Manager','RFR',NULL,'Not Applicable','Project Manager','2017-06-28',NULL,2,NULL,'LTI'),(16904,'admin','2018-03-09 17:14:27','admin','2018-03-09 17:14:27','Indra Ghosh','NEW_BUSINESS','2017-07-12',NULL,'IS&T Eng Solutions Admin','iOS Systems','iOS Systems - Dheeraj Singh','Indra Ghosh',NULL,NULL,NULL,NULL,NULL,'Software Automation Test Engineer','RFR',NULL,'Not Applicable','QA Engineer','2017-06-29',NULL,3,NULL,'LTI'),(16905,'admin','2018-03-09 17:14:27','admin','2018-03-09 17:14:27','Indra Ghosh','NEW_BUSINESS','2017-07-12',NULL,'IS&T Eng Solutions Admin','iOS Systems','iOS Systems - Dheeraj Singh','Indra Ghosh',NULL,NULL,NULL,NULL,NULL,'Software Automation Test Engineer - Selenium and Java','RFR',NULL,'Not Applicable','QA Engineer','2017-06-29',NULL,0,NULL,'LTI'),(16906,'admin','2018-03-09 17:14:27','admin','2018-03-09 17:14:27','Chenxi Zhang','NEW_BUSINESS','2017-07-15',NULL,'Enterprise Technology Services','Emerging Technology ETS','JMET Engineering','Chenxi Zhang',NULL,NULL,NULL,'2017-09-07','2017-06-22','QA Engineer','RFR',NULL,'Not Applicable','QA Engineer','2017-06-28',NULL,0,NULL,'LTI'),(16914,'admin','2018-03-09 17:14:27','admin','2018-03-09 17:14:27','Shivram Venkatesan','NEW_BUSINESS','2017-07-14',NULL,'IS&T Eng Solutions Admin','Customer Systems','Customer Systems - Amit Bansal','Shivram Venkatesan',NULL,NULL,NULL,'2017-12-31','2017-08-01','Software Engineer with iOS/Swift expertise','RFR',NULL,'Not Applicable','Software Engineer','2017-06-30',NULL,2,NULL,'LTI'),(16922,'admin','2018-03-09 17:14:27','admin','2018-03-09 17:14:27','Kim Limbrick','NEW_BUSINESS','2017-07-22',NULL,'Enterprise Technology Services','Emerging Technology ETS','ETS Platform Engineering','Kim Limbrick',NULL,NULL,NULL,'2017-09-29','2017-07-03','Chatterbox - FY17 - Q4 - SS Resource','RFR',NULL,'Not Applicable','Software Engineer','2017-07-03',NULL,0,NULL,'LTI'),(16943,'admin','2018-03-09 17:14:27','admin','2018-03-09 17:14:27','John Joseph','NEW_BUSINESS','2017-07-13',NULL,'Enterprise Technology Services','ETS / Integration Services','ETS/Integration Services - John Joseph','John Joseph',NULL,NULL,NULL,NULL,NULL,'Web development lead','RFR',NULL,'Not Applicable','Technical Lead','2017-07-06',NULL,3,NULL,'LTI'),(16995,'admin','2018-03-09 17:14:27','admin','2018-03-09 17:14:27','Christopher Manders','NEW_BUSINESS','2017-07-27',NULL,'GNCS - Admin','GNCS - Platform Services','GNCS - Platform Services - Christopher Manders','Christopher Manders',NULL,NULL,NULL,'2017-09-30','2017-08-04','Java Developer - Web Security','RFR',NULL,'Not Applicable','Software Engineer','2017-07-13',NULL,1,NULL,'LTI'),(16996,'admin','2018-03-09 17:14:27','admin','2018-03-09 17:14:27','Mark Servidio','NEW_BUSINESS','2017-08-01',NULL,'IS&T Eng Solutions Admin','Customer Systems','Customer Systems - Sandeep Mangal','Mark Servidio',NULL,NULL,NULL,NULL,'2017-08-01','DevOps Engineer with 10 years experience','RFR',NULL,'Not Applicable','Software Engineer','2017-07-14',NULL,3,NULL,'LTI'),(17017,'admin','2018-03-09 17:14:27','admin','2018-03-09 17:14:27','Sid Paul','NEW_BUSINESS','2017-09-30',NULL,'IS&T Eng Solutions Admin','Customer Systems','Customer Systems - Andy MacFerran','Sid Paul',NULL,NULL,NULL,NULL,NULL,'Desktop Client Engineer','RFR',NULL,'Not Applicable','Technical Lead','2017-07-17',NULL,0,NULL,'LTI'),(17039,'admin','2018-03-09 17:14:27','admin','2018-03-09 17:14:27','Shelley Relph','NEW_BUSINESS','2017-08-04',NULL,'IS&T Enterprise Systems','IS&T Enterprise Systems - Harald Reiter','SAP Arch, Sec & Perf','Shelley Relph',NULL,NULL,NULL,'2017-09-30','2017-08-07','SAP Information Security Resource','RFR',NULL,'Not Applicable','Analyst','2017-07-20',NULL,0,NULL,'LTI'),(17050,'admin','2018-03-09 17:14:27','admin','2018-03-09 17:14:27','Smita Agarwal','NEW_BUSINESS','2017-08-13',NULL,'IS&T Eng Solutions Admin','Customer Systems','Customer Systems - Amit Bansal','Smita Agarwal',NULL,NULL,NULL,NULL,'2017-08-14','Client/Front end Engineer','RFR',NULL,'Not Applicable','Software Engineer','2017-07-20',NULL,3,NULL,'LTI'),(17051,'admin','2018-03-09 17:14:27','admin','2018-03-09 17:14:27','Smita Agarwal','NEW_BUSINESS','2017-08-03',NULL,'IS&T Eng Solutions Admin','Customer Systems','Customer Systems - Amit Bansal','Smita Agarwal',NULL,NULL,NULL,NULL,'2017-09-04','DevOps Engineer','RFR',NULL,'Not Applicable','Software Engineer','2017-07-20',NULL,0,NULL,'LTI'),(17052,'admin','2018-03-09 17:14:27','admin','2018-03-09 17:14:27','Smita Agarwal','NEW_BUSINESS','2017-08-13',NULL,'IS&T Eng Solutions Admin','Customer Systems','Customer Systems - Amit Bansal','Smita Agarwal',NULL,NULL,NULL,NULL,'2017-08-21','Java Developer','RFR',NULL,'Not Applicable','Software Engineer','2017-07-20',NULL,2,NULL,'LTI'),(17131,'admin','2018-03-09 17:14:27','admin','2018-03-09 17:14:27','Sahil Sakhuja','NEW_BUSINESS','2017-09-10',NULL,'IS&T Enterprise Systems','IS&T Enterprise Systems - Harald Reiter','SAP Arch, Sec & Perf','Sahil Sakhuja',NULL,NULL,NULL,'2017-12-31','2017-09-01','SAP Database Performance Engineer','RFR',NULL,'Not Applicable','Database Administrator','2017-08-07',NULL,3,NULL,'LTI'),(17161,'admin','2018-03-09 17:14:27','admin','2018-03-09 17:14:27','Shelley Relph','NEW_BUSINESS','2017-08-22',NULL,'IS&T Enterprise Systems','IS&T Enterprise Systems - Harald Reiter','SAP Arch, Sec & Perf','Shelley Relph',NULL,NULL,NULL,'2017-09-30','2017-08-23','SAP Information Security Resource','RFR',NULL,'Not Applicable','Analyst','2017-08-08',NULL,0,NULL,'LTI'),(17182,'admin','2018-03-09 17:14:27','admin','2018-03-09 17:14:27','Deepa Koundinya','NEW_BUSINESS','2017-08-24',NULL,'IS&T Enterprise Systems','Global Access Systems','Global Access Systems - Janette Nolan','Deepa Koundinya',NULL,NULL,NULL,NULL,NULL,'iOS Designer','RFR',NULL,'Not Applicable','Other','2017-08-10',NULL,3,NULL,'LTI'),(17243,'admin','2018-03-09 17:14:27','admin','2018-03-09 17:14:27','Bennet Daniel Gnanarajan','NEW_BUSINESS','2017-09-09',NULL,'IS&T Eng Solutions Admin','iOS Systems','iOS Systems - Ari Nepon','Bennet Daniel Gnanarajan',NULL,NULL,NULL,NULL,NULL,'Network Security Engineer','RFR',NULL,'Not Applicable','Network Engineer','2017-08-16',NULL,3,NULL,'LTI'),(17360,'admin','2018-03-09 17:14:27','admin','2018-03-09 17:14:27','Ankur Agarwal','NEW_BUSINESS','2017-09-27',NULL,'IS&T Eng Solutions Admin','iOS Systems','iOS Systems - Ari Nepon','Ankur Agarwal',NULL,NULL,NULL,'2018-04-07','2017-09-06','Security Automation Engineer','RFR',NULL,'Not Applicable','Software Engineer','2017-08-23',NULL,2,NULL,'LTI'),(17382,'admin','2018-03-09 17:14:27','admin','2018-03-09 17:14:27','Shelley Relph','NEW_BUSINESS','2017-09-08',NULL,'IS&T Enterprise Systems','IS&T Enterprise Systems - Harald Reiter','SAP Arch, Sec & Perf','Shelley Relph',NULL,NULL,NULL,NULL,'2017-09-11','SAP Information Security Resource','RFR',NULL,'Not Applicable','Analyst','2017-08-29',NULL,0,NULL,'LTI'),(17410,'admin','2018-03-09 17:14:27','admin','2018-03-09 17:14:27','Ankur Agarwal','NEW_BUSINESS','2017-09-08',NULL,'IS&T Eng Solutions Admin','iOS Systems','iOS Systems - Ari Nepon','Ankur Agarwal',NULL,NULL,NULL,'2018-04-07','2017-09-06','Apple Pay : Production Support Engineer','RFR',NULL,'Not Applicable','Software Engineer, Software Engineer','2017-08-25',NULL,1,NULL,'LTI'),(17412,'admin','2018-03-09 17:14:27','admin','2018-03-09 17:14:27','Ankur Agarwal','NEW_BUSINESS','2017-09-26',NULL,'IS&T Eng Solutions Admin','iOS Systems','iOS Systems - Ari Nepon','Ankur Agarwal',NULL,NULL,NULL,'2018-04-07','2017-09-06','Apple Pay : Production Support Lead','RFR',NULL,'Not Applicable','Software Engineer','2017-08-25',NULL,3,NULL,'LTI'),(17450,'admin','2018-03-09 17:14:27','admin','2018-03-09 17:14:27','Sudhakar Mambakkam','RENEWAL','2017-09-05',NULL,'Enterprise Technology Services','Identity Mgmt Svcs','Core SW Engineering ETS - Selva Subramaniam','Sudhakar Mambakkam',NULL,NULL,NULL,'2017-02-24','2016-09-26','Java engineer for IdMS platform','RFR',NULL,'Not Applicable',NULL,'2017-08-29',NULL,3,NULL,'LTI'),(17451,'admin','2018-03-09 17:14:27','admin','2018-03-09 17:14:27','Sahil Sakhuja','NEW_BUSINESS','2017-10-01',NULL,'IS&T Enterprise Systems','IS&T Enterprise Systems - Harald Reiter','SAP Arch, Sec & Perf','Sahil Sakhuja',NULL,NULL,NULL,'2017-12-31','2017-10-01','SAP Database Performance Engineer - continuation of RFR 17131','RFR',NULL,'Not Applicable','Database Administrator','2017-08-29',NULL,3,NULL,'LTI'),(17453,'admin','2018-03-09 17:14:27','admin','2018-03-09 17:14:27','Budhaditya Das','RENEWAL','2017-09-12',NULL,'IS&T Eng Solutions Admin','iOS Systems','iOS Systems - Kathryn Hanrahan Pierce','Stephanie Collier',NULL,NULL,NULL,'2016-07-31','2016-04-11','L&T for iOS Systems Q1 FY18','RFR',NULL,'Not Applicable',NULL,'2017-08-29',NULL,3,NULL,'LTI'),(17459,'admin','2018-03-09 17:14:27','admin','2018-03-09 17:14:27','George Lin','NEW_BUSINESS','2017-09-05',NULL,'IS&T Eng Solutions Admin','iOS Systems','iOS Systems - George Lin','George Lin',NULL,NULL,NULL,NULL,'2017-09-25','Java Full Stack Engineer','RFR',NULL,'Not Applicable','Software Engineer','2017-08-29',NULL,3,NULL,'LTI'),(17471,'admin','2018-03-09 17:14:27','admin','2018-03-09 17:14:27','Mike Wagstaff','NEW_BUSINESS','2017-10-31',NULL,'IS&T Eng Solutions Admin','iOS Systems','iOS Systems - Ari Nepon','Mike Wagstaff',NULL,NULL,NULL,'2018-09-17','2017-09-18','Apple Pay: Production Support Engineer (on-site in London, UK)','RFR',NULL,'Not Applicable','Software Engineer','2017-08-31',NULL,2,NULL,'LTI'),(17480,'admin','2018-03-09 17:14:27','admin','2018-03-09 17:14:27','Swetha Rao','NEW_BUSINESS','2017-09-13',NULL,'IS&T Eng Solutions Admin','IS&T Eng Solutions Admin - Jim Neeson','Finance & Admin Systems','Swetha Rao',NULL,NULL,NULL,NULL,NULL,'FDMEE and EPM infra consultant','RFR',NULL,'Not Applicable','Consultant','2017-08-30',NULL,3,NULL,'LTI'),(17585,'admin','2018-03-09 17:14:27','admin','2018-03-09 17:14:27','Kalyan Koduru','NEW_BUSINESS','2017-09-30',NULL,'IS&T Enterprise Systems','IS&T Enterprise Systems - Harald Reiter','Global ABAP','Kalyan Koduru',NULL,NULL,NULL,'2017-12-30','2017-10-01','CRM ABAP Developer for 22274 for Q1, FY18, Production Support','RFR',NULL,'Not Applicable','Software Engineer','2017-09-01',NULL,0,NULL,'LTI'),(17593,'admin','2018-03-09 17:14:27','admin','2018-03-09 17:14:27','George Lin','NEW_BUSINESS','2017-09-11',NULL,'IS&T Eng Solutions Admin','iOS Systems','iOS Systems - George Lin','George Lin',NULL,NULL,NULL,NULL,'2017-10-02','Offshore Server Side Java Engineer','RFR',NULL,'Not Applicable','Software Engineer','2017-09-01',NULL,3,NULL,'LTI'),(17628,'admin','2018-03-09 17:14:27','admin','2018-03-09 17:14:27','Rebecca Lee','NEW_BUSINESS','2017-09-09',NULL,'Enterprise Technology Services','ETS / Integration Services','ETS/Integration Services - Biren Sanghrajka','Rebecca Lee',NULL,NULL,NULL,'2018-03-31','2017-09-15','ETS Integration Ops','RFR',NULL,'Not Applicable','Analyst, Analyst','2017-09-01',NULL,1,NULL,'LTI'),(17646,'admin','2018-03-09 17:14:27','admin','2018-03-09 17:14:27','Amol Prabhavalkar','NEW_BUSINESS','2017-09-30',NULL,'IS&T Enterprise Systems','IS&T Enterprise Systems - Harald Reiter','Global SAP Technology','Amol Prabhavalkar',NULL,NULL,NULL,'2018-03-31','2017-10-01','SAP Basis - FY18 SAP Support Pack','RFR',NULL,'Not Applicable','Consultant','2017-09-01',NULL,3,NULL,'LTI'),(17679,'admin','2018-03-09 17:14:27','admin','2018-03-09 17:14:27','Shane O\'Donoghue','NEW_BUSINESS','2017-09-18',NULL,'EMEIA IS&T Mgt','IS&T G. N. C. S.','IS&T G. N. C. S. - Mark Tonks','Shane O\'Donoghue',NULL,NULL,NULL,NULL,NULL,'Network Eng - Stockley Park FY18','RFR',NULL,'Not Applicable','Network Engineer','2017-09-04',NULL,0,NULL,'LTI'),(17684,'admin','2018-03-09 17:14:27','admin','2018-03-09 17:14:27','Balaji Balachandran','NEW_BUSINESS','2017-12-10',NULL,'IS&T Enterprise Systems','SAP Global Systems','SAP Global Systems - Rob Reilly','Balaji Balachandran',NULL,NULL,NULL,'2018-02-28','2017-09-05','SAP BPC Functional Consultants','RFR',NULL,'Not Applicable','Consultant','2017-09-04',NULL,2,NULL,'LTI'),(17706,'admin','2018-03-09 17:14:27','admin','2018-03-09 17:14:27','George Lin','NEW_BUSINESS','2017-09-12',NULL,'IS&T Eng Solutions Admin','iOS Systems','iOS Systems - George Lin','George Lin',NULL,NULL,NULL,NULL,'2017-10-02','Onshore Server Side Java Engineer','RFR',NULL,'Not Applicable','Software Engineer','2017-09-05',NULL,3,NULL,'LTI'),(17720,'admin','2018-03-09 17:14:27','admin','2018-03-09 17:14:27','Sathya Venkatasubramanian','NEW_BUSINESS','2017-10-08',NULL,'IS&T Enterprise Systems','Global Access Systems','Global Access Systems - JeanMarie Mariadassou','Sathya Venkatasubramanian',NULL,NULL,NULL,'2017-12-31','2017-10-02','ETL Tech Arch for   modernization project','RFR',NULL,'Not Applicable','Technology Architect','2017-09-05',NULL,2,NULL,'LTI'),(17726,'admin','2018-03-09 17:14:27','admin','2018-03-09 17:14:27','Velvet Milner','NEW_BUSINESS','2017-09-19',NULL,'IS&T Enterprise Systems','AMR IS&T','AMR IS&T - Paresh Patel','Velvet Milner',NULL,NULL,NULL,'2017-12-30','2017-10-02','Q1/FY18 - Analyst','RFR',NULL,'Not Applicable','Analyst','2017-09-05',NULL,3,NULL,'LTI'),(17911,'admin','2018-03-09 17:14:27','admin','2018-03-09 17:14:27','Milan Doshi','NEW_BUSINESS','2017-09-13',NULL,'Enterprise Technology Services','Emerging Technology ETS','ETS Platform Engineering','Milan Doshi',NULL,NULL,NULL,'2018-03-31','2017-10-02','Rover - FY17 -Q1-Q2 - SS & UI Resource','RFR',NULL,'Not Applicable','Software Engineer, Software Engineer','2017-09-06',NULL,2,NULL,'LTI'),(17989,'admin','2018-03-09 17:14:27','admin','2018-03-09 17:14:27','Viv Kapadekar','NEW_BUSINESS','2017-09-20',NULL,'IS&T Eng Solutions Admin','Customer Systems','Customer Systems - Vivek Chopra','Viv Kapadekar',NULL,NULL,NULL,'2018-08-31','2017-10-01','Data and Analytics engineer','RFR',NULL,'Not Applicable','Software Engineer','2017-09-06',NULL,0,NULL,'LTI'),(18008,'admin','2018-03-09 17:14:27','admin','2018-03-09 17:14:27','Anand Dharia','NEW_BUSINESS','2017-09-13',NULL,'Enterprise Technology Services','Identity Mgmt Svcs','Identity Mgmt Svcs - Vin Agarwal','Anand Dharia',NULL,NULL,NULL,'2018-01-07','2017-10-10','Sr Technical Project Manager (Infrastructure)','RFR',NULL,'Not Applicable','Program Manager','2017-09-06',NULL,2,NULL,'LTI'),(18078,'admin','2018-03-09 17:14:27','admin','2018-03-09 17:14:27','Ramaswamy Pudur Ramaswamy','NEW_BUSINESS','2017-09-21',NULL,'IS&T Eng Solutions Admin','Partner Solutions and Tech',NULL,'Ramaswamy Pudur Ramaswamy',NULL,NULL,NULL,'2017-12-30','2017-10-01','QE resources for Q1 FY18','RFR',NULL,'Not Applicable','QA Lead','2017-09-07',NULL,0,NULL,'LTI'),(18088,'admin','2018-03-09 17:14:27','admin','2018-03-09 17:14:27','Joel Pinto','NEW_BUSINESS','2017-09-25',NULL,'IS&T Eng Solutions Admin','IS&T Eng Solutions Admin - Jim Neeson',NULL,'Joel Pinto',NULL,NULL,NULL,'2017-12-29','2017-10-02','Cocoa Resource','RFR',NULL,'Not Applicable','Software Engineer','2017-09-08',NULL,0,NULL,'LTI'),(18097,'admin','2018-03-09 17:14:27','admin','2018-03-09 17:14:27','Ani Banerjee','NEW_BUSINESS','2017-09-21',NULL,'IS&T Eng Solutions Admin','Customer Systems','Customer Systems - Sandeep Mangal','Ani Banerjee',NULL,NULL,NULL,'2017-12-31','2017-10-01','Enterprise Development FY18','RFR',NULL,'Not Applicable','Software Engineer','2017-09-07',NULL,0,NULL,'LTI'),(18098,'admin','2018-03-09 17:14:27','admin','2018-03-09 17:14:27','Milan Doshi','NEW_BUSINESS','2017-09-21',NULL,'Enterprise Technology Services','Emerging Technology ETS','ETS Platform Engineering','Milan Doshi',NULL,NULL,NULL,'2018-02-03','2017-10-01','Rover - FY17 -Q1-Q2 - SS & UI Resource','RFR',NULL,'Not Applicable','Software Engineer, Software Engineer','2017-09-07',NULL,3,NULL,'LTI'),(18181,'admin','2018-03-09 17:14:27','admin','2018-03-09 17:14:27','Tom Knoblauch','NEW_BUSINESS','2017-09-14',NULL,'Enterprise Technology Services','ETS / Integration Services','ETS/Integration Services - Tom Tan','Aretha Lee',NULL,NULL,NULL,NULL,NULL,'FY18-L&T-Tom','RFR',NULL,'Not Applicable','Analyst','2017-09-07',NULL,3,NULL,'LTI'),(18222,'admin','2018-03-09 17:14:27','admin','2018-03-09 17:14:27','Kellie McDonald','NEW_BUSINESS','2017-09-22',NULL,'EMEIA IS&T Mgt','IS&T Corp & Customer Systems - EMEIA','IS&T Corp & Customer Systems -  Kellie McDonald','Kellie McDonald',NULL,NULL,NULL,'2018-09-29','2017-10-01','Business Analyst, Customer Systems, EMEIA','RFR',NULL,'Not Applicable','Analyst','2017-09-08',NULL,3,NULL,'LTI'),(18231,'admin','2018-03-09 17:14:27','admin','2018-03-09 17:14:27','George Lin','NEW_BUSINESS','2017-09-15',NULL,'IS&T Eng Solutions Admin','iOS Systems','iOS Systems - George Lin','George Lin',NULL,NULL,NULL,NULL,'2017-10-02','Java Full Stack Engineer','RFR',NULL,'Not Applicable','Software Engineer','2017-09-08',NULL,3,NULL,'LTI'),(18233,'admin','2018-03-09 17:14:27','admin','2018-03-09 17:14:27','Kellie McDonald','NEW_BUSINESS','2017-09-22',NULL,'EMEIA IS&T Mgt','IS&T Corp & Customer Systems - EMEIA','IS&T Corp & Customer Systems -  Kellie McDonald','Kellie McDonald',NULL,NULL,NULL,'2017-12-30','2017-10-01','Project Manager and Business Analyst, Customer Systems EMEIA','RFR',NULL,'Not Applicable','Analyst','2017-09-08',NULL,3,NULL,'LTI'),(18264,'admin','2018-03-09 17:14:27','admin','2018-03-09 17:14:27','Stuti Gupta','NEW_BUSINESS','2017-09-22',NULL,'IS&T Enterprise Systems','Global Access Systems','Global Access Systems - Janette Nolan','Stuti Gupta',NULL,NULL,NULL,NULL,NULL,'Machete and GDPR work for Operations BU in GBI','RFP','Allow Vendors to decide','Development',NULL,'2017-09-08',NULL,0,NULL,'LTI'),(18326,'admin','2018-03-09 17:14:27','admin','2018-03-09 17:14:27','Deepak Modi','NEW_BUSINESS','2017-10-04',NULL,'IS&T Management Admin-APAC','IS&T Corporate Systems - APAC','IS&T Corporate Systems -Deepak Modi','Deepak Modi',NULL,NULL,NULL,'2017-12-29','2017-10-02','Singapore onsite Tableau consultant','RFR',NULL,'Not Applicable','Consultant','2017-09-19',NULL,3,NULL,'LTI'),(18329,'admin','2018-03-09 17:14:27','admin','2018-03-09 17:14:27','Reena Parmar','NEW_BUSINESS','2017-09-22',NULL,'EMEIA IS&T Mgt','I.T. Service COR','I.T. Service COR - Paulo Fernandes Gomes','Reena Parmar',NULL,NULL,NULL,'2017-12-29','2017-10-02','Decision Support - Ad-hoc reporting Analyst','RFR',NULL,'Not Applicable','Analyst','2017-09-11',NULL,3,NULL,'LTI'),(18367,'admin','2018-03-09 17:14:27','admin','2018-03-09 17:14:27','Mohamed Thahir','NEW_BUSINESS','2017-09-25',NULL,'IS&T Eng Solutions Admin','Partner Solutions and Tech','Partner Solutions and Tech - Anne Lairmore','Mohamed Thahir',NULL,NULL,NULL,'2018-09-30','2017-10-02','AEM senior Developers','RFR',NULL,'Not Applicable','Other','2017-09-11',NULL,3,NULL,'LTI'),(18369,'admin','2018-03-09 17:14:27','admin','2018-03-09 17:14:27','Mithun Shetty','NEW_BUSINESS','2017-09-25',NULL,'IS&T Enterprise Systems','Global Access Systems','Global Access Systems - JeanMarie Mariadassou','Mithun Shetty',NULL,NULL,NULL,NULL,'2017-10-06','Request for resources for Extractor Framework','RFR',NULL,'Not Applicable','Technical Lead','2017-09-11',NULL,2,NULL,'LTI'),(18380,'admin','2018-03-09 17:14:27','admin','2018-03-09 17:14:27','Darshan Singh','NEW_BUSINESS','2017-09-25',NULL,'GNCS - Admin','GNCS - Platform Services','GNCS - Data Services','Darshan Singh',NULL,NULL,NULL,NULL,NULL,'LTI Renew: Database Design and Development: Onsite 1 FY 18','RFR',NULL,'Not Applicable','Database Developer','2017-09-11',NULL,3,NULL,'LTI'),(18419,'admin','2018-03-09 17:14:27','admin','2018-03-09 17:14:27','Rebecca Lee','RENEWAL','2017-09-18',NULL,'Enterprise Technology Services','ETS / Integration Services','ETS/Integration Services - Biren Sanghrajka','Rebecca Lee',NULL,NULL,NULL,'2017-09-30','2017-07-02','L&T: Renewal Contractors','RFR',NULL,'Not Applicable','Analyst, Analyst','2017-09-11',NULL,3,NULL,'LTI'),(18438,'admin','2018-03-09 17:14:27','admin','2018-03-09 17:14:27','Piyush Mittal','NEW_BUSINESS','2017-09-19',NULL,'IS&T Enterprise Systems','Global Access Systems','Global Access Systems - JeanMarie Mariadassou','Piyush Mittal',NULL,NULL,NULL,'2017-12-30','2017-09-26','Onsite PM for GBI Ops PMO','RFR',NULL,'Not Applicable','Program Manager','2017-09-12',NULL,3,NULL,'LTI'),(18483,'admin','2018-03-09 17:14:27','admin','2018-03-09 17:14:27','Erin Michelon Stump','NEW_BUSINESS','2017-09-26',NULL,'IS&T Enterprise Systems','AMR IS&T',NULL,'Erin Michelon Stump',NULL,NULL,NULL,'2018-03-31','2017-10-03','Design and develop playbook','RFP','Fixed Bid','Development',NULL,'2017-09-12',NULL,0,NULL,'LTI'),(18488,'admin','2018-03-09 17:14:27','admin','2018-03-09 17:14:27','David Lewis','NEW_BUSINESS','2017-09-29',NULL,'IS&T Eng Solutions Admin','iOS Systems','iOS Systems - Kathryn Hanrahan Pierce','David Lewis',NULL,NULL,NULL,NULL,'2017-10-03','iOS Systems Analyst / PM for the Radar Team','RFR',NULL,'Not Applicable','Project Manager','2017-09-21',NULL,3,NULL,'LTI'),(18499,'admin','2018-03-09 17:14:27','admin','2018-03-09 17:14:27','Erin Michelon Stump','NEW_BUSINESS','2017-09-27',NULL,'IS&T Enterprise Systems','AMR IS&T',NULL,'Erin Michelon Stump',NULL,NULL,NULL,'2018-03-30','2017-10-02','Design and develop playbook','RFR',NULL,'Not Applicable','Consultant','2017-09-13',NULL,3,NULL,'LTI'),(18502,'admin','2018-03-09 17:14:27','admin','2018-03-09 17:14:27','Piyush Mittal','NEW_BUSINESS','2017-09-20',NULL,'IS&T Enterprise Systems','Global Access Systems','Global Access Systems - JeanMarie Mariadassou','Piyush Mittal',NULL,NULL,NULL,'2017-12-30','2017-09-26','Onsite PM for GBI Ops PMO','RFR',NULL,'Not Applicable','Program Manager','2017-09-13',NULL,3,NULL,'LTI'),(18504,'admin','2018-03-09 17:14:27','admin','2018-03-09 17:14:27','Mithun Shetty','NEW_BUSINESS','2017-10-13',NULL,'IS&T Enterprise Systems','Global Access Systems','Global Access Systems - JeanMarie Mariadassou','Mithun Shetty',NULL,NULL,NULL,'2017-12-31','2017-10-01','ETL Metadata Redesign','RFP','Time and Material','Development, Maintenance, Production Support, Testing',NULL,'2017-09-13',NULL,2,NULL,'LTI'),(18508,'admin','2018-03-09 17:14:27','admin','2018-03-09 17:14:27','Dragan Kapamadzin','NEW_BUSINESS','2017-09-27',NULL,'GNCS - Admin','GNCS - Platform Services','GNCS - Data Services','Dragan Kapamadzin',NULL,NULL,NULL,'2018-09-30','2017-10-01','Resources for data services - 1 onsite - LTI','RFR',NULL,'Not Applicable','Database Administrator','2017-09-13',NULL,3,NULL,'LTI'),(18515,'admin','2018-03-09 17:14:27','admin','2018-03-09 17:14:27','Joe Vaithara','NEW_BUSINESS','2017-11-15',NULL,'IS&T Eng Solutions Admin','Self Service Engineering- Eddie Fan','Self Service Engineering - Shain Korah Scaria','Joe Vaithara',NULL,NULL,NULL,'2017-12-31','2017-10-01','Support App Services (API) PM','RFR',NULL,'Not Applicable','Project Manager','2017-09-13',NULL,0,NULL,'LTI'),(18519,'admin','2018-03-09 17:14:27','admin','2018-03-09 17:14:27','Julian Dean Morais','NEW_BUSINESS','2017-10-31',NULL,'IS&T Enterprise Systems','Global Access Systems','Global Access Systems  - Ralf Rotter','Julian Dean Morais',NULL,NULL,NULL,NULL,'2017-10-02','2 Fraud Project Manager - Long Term.','RFR',NULL,'Not Applicable','Program Manager','2017-09-13',NULL,2,NULL,'LTI'),(18550,'admin','2018-03-09 17:14:27','admin','2018-03-09 17:14:27','Manu Bhatnagar','NEW_BUSINESS','2017-09-28',NULL,'GNCS - Admin','GNCS - Platform Services','GNCS - Platform Services-Ayumi Minamikawa','Manu Bhatnagar',NULL,NULL,NULL,'2018-09-29','2017-10-02','Disaster Recovery Project Manager','RFR',NULL,'Not Applicable','Project Manager','2017-09-14',NULL,3,NULL,'LTI'),(18610,'admin','2018-03-09 17:14:27','admin','2018-03-09 17:14:27','Emad Najeeb','RENEWAL','2017-09-25',NULL,'Enterprise Technology Services','Client Services & Tech (CST)','Client Services & Tech (CST) -  Cameron Wolff','Emad Najeeb',NULL,NULL,NULL,'2017-09-30','2017-07-03','IS&T Web Front-End Developer','RFR',NULL,'Not Applicable',NULL,'2017-09-16',NULL,3,NULL,'LTI'),(18629,'admin','2018-03-09 17:14:27','admin','2018-03-09 17:14:27','George Lin','NEW_BUSINESS','2017-09-30',NULL,'IS&T Eng Solutions Admin','iOS Systems','iOS Systems - George Lin','George Lin',NULL,NULL,NULL,NULL,'2017-10-09','Onshore Server Side Java Engineer','RFR',NULL,'Not Applicable','Software Engineer','2017-09-18',NULL,3,NULL,'LTI'),(18636,'admin','2018-03-09 17:14:27','admin','2018-03-09 17:14:27','Kay Chen','NEW_BUSINESS','2017-09-27',NULL,'IS&T Enterprise Systems','AMR IS&T',NULL,'Kay Chen',NULL,NULL,NULL,'2017-12-21','2017-10-02','AMR IS&T Infrastructure Services Technician','RFR',NULL,'Not Applicable','Analyst','2017-09-20',NULL,3,NULL,'LTI'),(18637,'admin','2018-03-09 17:14:27','admin','2018-03-09 17:14:27','Shrikant Mudigoudar','NEW_BUSINESS','2017-10-02',NULL,'IS&T Enterprise Systems','Global Access Systems','Global Access Systems - Ranjit Panigrahi','Shrikant Mudigoudar',NULL,NULL,NULL,'2017-12-30','2017-10-01','GBI-Retail TFL','RFR',NULL,'Not Applicable','Technical Lead','2017-09-18',NULL,3,NULL,'LTI'),(18642,'admin','2018-03-09 17:14:27','admin','2018-03-09 17:14:27','Mohamed Thahir','NEW_BUSINESS','2017-11-10',NULL,'IS&T Eng Solutions Admin','Partner Solutions and Tech','Partner Solutions and Tech - Anne Lairmore','Mohamed Thahir',NULL,NULL,NULL,NULL,'2017-10-02','AEM senior Developers','RFR',NULL,'Not Applicable','Other','2017-09-22',NULL,0,NULL,'LTI'),(18644,'admin','2018-03-09 17:14:27','admin','2018-03-09 17:14:27','Shelley Relph','NEW_BUSINESS','2017-10-02',NULL,'IS&T Enterprise Systems','IS&T Enterprise Systems - Harald Reiter','SAP Arch, Sec & Perf','Shelley Relph',NULL,NULL,NULL,'2017-12-30','2017-10-03','SAP Information Security Resource','RFR',NULL,'Not Applicable','Analyst','2017-09-18',NULL,2,NULL,'LTI'),(18652,'admin','2018-03-09 17:14:27','admin','2018-03-09 17:14:27','Krishnendu Chakraborty','NEW_BUSINESS','2017-10-02',NULL,'Enterprise Technology Services','Identity Mgmt Svcs','IDMS - Client Management','Krishnendu Chakraborty',NULL,NULL,NULL,'2017-12-31','2017-10-01','IdMS Provisioning Applecare India expansion Q1 LN&T','RFR',NULL,'Not Applicable','Software Engineer','2017-09-18',NULL,3,NULL,'LTI'),(18653,'admin','2018-03-09 17:14:27','admin','2018-03-09 17:14:27','Krishnendu Chakraborty','NEW_BUSINESS','2017-10-02',NULL,'Enterprise Technology Services','Identity Mgmt Svcs','IDMS - Client Management','Krishnendu Chakraborty',NULL,NULL,NULL,'2017-12-31','2017-10-01','IdMS Provisioning RPM Maestro LN&T','RFR',NULL,'Not Applicable','Software Engineer','2017-09-18',NULL,3,NULL,'LTI'),(18654,'admin','2018-03-09 17:14:27','admin','2018-03-09 17:14:27','Krishnendu Chakraborty','NEW_BUSINESS','2017-10-02',NULL,'Enterprise Technology Services','Identity Mgmt Svcs','IDMS - Client Management','Krishnendu Chakraborty',NULL,NULL,NULL,'2017-12-31','2017-10-01','IdMS Provisioning SAP Onshore Q1','RFR',NULL,'Not Applicable','Software Engineer','2017-09-18',NULL,3,NULL,'LTI'),(18667,'admin','2018-03-09 17:14:27','admin','2018-03-09 17:14:27','Subhankar Das','NEW_BUSINESS','2017-09-26',NULL,'IS&T Enterprise Systems','Global Access Systems','Global Access Systems - Ranjit Panigrahi','Subhankar Das',NULL,NULL,NULL,'2017-12-31','2017-10-02','Compliance FY18 Q1','RFR',NULL,'Not Applicable','Database Developer, Database Developer, Technical Lead, Technology Architect','2017-09-19',NULL,3,NULL,'LTI'),(18668,'admin','2018-03-09 17:14:27','admin','2018-03-09 17:14:27','Deepak Modi','NEW_BUSINESS','2017-10-28',NULL,'IS&T Management Admin-APAC','IS&T Corporate Systems - APAC','IS&T Corporate Systems -Deepak Modi','Deepak Modi',NULL,NULL,NULL,NULL,NULL,'Singapore Onsite Teradata Techno-Functional Lead','RFR',NULL,'Not Applicable','Technical Lead','2017-09-19',NULL,3,NULL,'LTI'),(18677,'admin','2018-03-09 17:14:27','admin','2018-03-09 17:14:27','Bill Liu','NEW_BUSINESS','2017-09-29',NULL,'IS&T Enterprise Systems','Global Access Systems','Global Access Systems - JeanMarie Mariadassou','Bill Liu',NULL,NULL,NULL,'2017-12-30','2017-10-03','Scala developer for Data Analytics Platform','RFR',NULL,'Not Applicable','Software Engineer','2017-09-19',NULL,0,NULL,'LTI'),(18748,'admin','2018-03-09 17:14:27','admin','2018-03-09 17:14:27','Emad Najeeb','NEW_BUSINESS','2017-09-28',NULL,'Enterprise Technology Services','Client Services & Tech (CST)','Client Services & Tech (CST) -  Cameron Wolff','Emad Najeeb',NULL,NULL,NULL,'2018-09-28','2017-10-02','IS&T Web Front-End Developer','RFR',NULL,'Not Applicable','Software Engineer','2017-09-20',NULL,3,NULL,'LTI'),(18755,'admin','2018-03-09 17:14:27','admin','2018-03-09 17:14:27','Sudhakar Mambakkam','NEW_BUSINESS','2017-09-27',NULL,'Enterprise Technology Services','Identity Mgmt Svcs','Core SW Engineering ETS - Selva Subramaniam','Sudhakar Mambakkam',NULL,NULL,NULL,NULL,'2017-10-01','Java engineer for IdMS platform','RFR',NULL,'Not Applicable','Software Engineer','2017-09-20',NULL,1,NULL,'LTI'),(18759,'admin','2018-03-09 17:14:27','admin','2018-03-09 17:14:27','Deepak Maganti','NEW_BUSINESS','2017-10-09',NULL,'IS&T Eng Solutions Admin','IS&T Eng Solutions Admin - Jim Neeson','Corp Systems Dev. Ops','Deepak Maganti',NULL,NULL,NULL,'2017-12-30','2017-09-25','FY18Q1 - HR Splunk dashboard development','RFR',NULL,'Not Applicable','Software Engineer','2017-09-20',NULL,2,NULL,'LTI'),(18767,'admin','2018-03-09 17:14:27','admin','2018-03-09 17:14:27','Sudipt Sinha','NEW_BUSINESS','2017-10-31',NULL,'Enterprise Technology Services','Identity Mgmt Svcs','Core SW Engineering ETS - Selva Subramaniam','Sudipt Sinha',NULL,NULL,NULL,NULL,'2017-10-02','Resource for Java Development -  IdMS Infrastrucure','RFR',NULL,'Not Applicable','Software Engineer','2017-09-22',NULL,3,NULL,'LTI'),(18770,'admin','2018-03-09 17:14:27','admin','2018-03-09 17:14:27','Ayumi Minamikawa','NEW_BUSINESS','2017-09-30',NULL,'GNCS - Admin','GNCS - Platform Services','GNCS - Platform Services-Ayumi Minamikawa','Ayumi Minamikawa',NULL,NULL,NULL,NULL,'2017-10-03','Data Center Planner','RFR',NULL,'Not Applicable','Project Manager','2017-09-20',NULL,3,NULL,'LTI'),(18774,'admin','2018-03-09 17:14:27','admin','2018-03-09 17:14:27','Durgesh Jhala','NEW_BUSINESS','2017-10-05',NULL,'IS&T Management Admin-APAC','IS&T Corporate Systems - APAC','IS&T Corporate Systems - Siew Choo Goh','Durgesh Jhala',NULL,NULL,NULL,'2018-09-29','2017-10-01','Jive Technical (2) Onsite Singapore and Offshore --- Technical Lead (4 ) + QA (1) +  UI developers (2)','RFR',NULL,'Not Applicable','QA Lead, System Engineer, Technical Lead, Technical Lead','2017-09-21',NULL,1,NULL,'LTI'),(18776,'admin','2018-03-09 17:14:27','admin','2018-03-09 17:14:27','Matteo Caprari','NEW_BUSINESS','2017-10-14',NULL,'EMEIA IS&T Mgt','IS&T Corp & Customer Systems - EMEIA','IS&T Corp & Customer Systems - Matteo Caprari,','Matteo Caprari',NULL,NULL,NULL,NULL,'2017-10-21','Onshore Operations Engineer - EMEIA CCS Regional Portfolio','RFR',NULL,'Not Applicable','Other','2017-09-21',NULL,3,NULL,'LTI'),(18790,'admin','2018-03-09 17:14:27','admin','2018-03-09 17:14:27','Varghese Thomas','NEW_BUSINESS','2017-10-05',NULL,'IS&T Eng Solutions Admin','iOS Systems','iOS Systems - Dheeraj Singh','Samuel Chacko',NULL,NULL,NULL,NULL,NULL,'Software Engineer','RFR',NULL,'Not Applicable','Software Engineer','2017-09-21',NULL,3,NULL,'LTI'),(18792,'admin','2018-03-09 17:14:27','admin','2018-03-09 17:14:27','John Rudden','NEW_BUSINESS','2017-10-05',NULL,'IS&T Eng Solutions Admin','iOS Systems','iOS Systems - Kathryn Hanrahan Pierce','Rick Kung',NULL,NULL,NULL,'2018-07-07','2017-10-02','Sr Java Developer (onsite)','RFR',NULL,'Not Applicable','Software Engineer','2017-09-21',NULL,2,NULL,'LTI'),(18807,'admin','2018-03-09 17:14:27','admin','2018-03-09 17:14:27','Mithun Shetty','NEW_BUSINESS','2017-10-20',NULL,'IS&T Enterprise Systems','Global Access Systems','Global Access Systems - JeanMarie Mariadassou','Mithun Shetty',NULL,NULL,NULL,'2018-11-30','2017-10-23','Request for resources for Extractor Framework','RFR',NULL,'Not Applicable','Technical Lead, Technical Lead','2017-09-22',NULL,3,NULL,'LTI'),(18821,'admin','2018-03-09 17:14:27','admin','2018-03-09 17:14:27','Qingwei Ma','NEW_BUSINESS','2017-10-07',NULL,'Enterprise Technology Services','Emerging Technology ETS','JMET Engineering','Qingwei Ma',NULL,NULL,NULL,'2018-01-01','2017-10-02','Java developer','RFR',NULL,'Not Applicable','Software Engineer','2017-09-23',NULL,2,NULL,'LTI'),(18827,'admin','2018-03-09 17:14:27','admin','2018-03-09 17:14:27','Pravina Alve','NEW_BUSINESS','2017-10-09',NULL,'IS&T Enterprise Systems','SAP Global Systems','SAP Global Systems - Manish Agarwal','Pravina Alve',NULL,NULL,NULL,'2017-12-30','2017-10-16','Oracle BPM/SOA','RFR',NULL,'Not Applicable','Other, Other','2017-09-25',NULL,3,NULL,'LTI'),(18840,'admin','2018-03-09 17:14:27','admin','2018-03-09 17:14:27','David Lewis','NEW_BUSINESS','2017-10-02',NULL,'IS&T Eng Solutions Admin','iOS Systems','iOS Systems - Kathryn Hanrahan Pierce','David Lewis',NULL,NULL,NULL,NULL,'2017-10-03','iOS Systems Analyst for the Radar Team','RFR',NULL,'Not Applicable','Analyst','2017-09-25',NULL,2,NULL,'LTI'),(18842,'admin','2018-03-09 17:14:27','admin','2018-03-09 17:14:27','George Lin','NEW_BUSINESS','2017-10-13',NULL,'IS&T Eng Solutions Admin','iOS Systems','iOS Systems - George Lin','George Lin',NULL,NULL,NULL,NULL,'2017-10-30','Java Full Stack Engineer','RFR',NULL,'Not Applicable','Software Engineer','2017-09-28',NULL,3,NULL,'LTI'),(18843,'admin','2018-03-09 17:14:27','admin','2018-03-09 17:14:27','George Lin','NEW_BUSINESS','2017-10-13',NULL,'IS&T Eng Solutions Admin','iOS Systems','iOS Systems - George Lin','George Lin',NULL,NULL,NULL,NULL,'2017-10-30','Offshore Server Side Java Engineer','RFR',NULL,'Not Applicable','Software Engineer','2017-10-02',NULL,3,NULL,'LTI'),(18850,'admin','2018-03-09 17:14:27','admin','2018-03-09 17:14:27','Meesh Chartier','NEW_BUSINESS','2017-10-14',NULL,'Enterprise Technology Services','Emerging Technology ETS','JMET Engineering','Meesh Chartier',NULL,NULL,NULL,NULL,NULL,'Server-Side Software Engineer','RFR',NULL,'Not Applicable','Software Engineer','2017-09-26',NULL,2,NULL,'LTI'),(18854,'admin','2018-03-09 17:14:27','admin','2018-03-09 17:14:27','Anju Gagneja','NEW_BUSINESS','2017-10-03',NULL,'Enterprise Technology Services','Client Services & Tech (CST)','Collaboration Svcs - Anju Gagneja','Anju Gagneja',NULL,NULL,NULL,'2018-01-27','2017-10-02','FY18 Collaboration services needs for Connectme PM and development support','RFR',NULL,'Not Applicable','Project Manager, Software Engineer','2017-09-26',NULL,3,NULL,'LTI'),(18855,'admin','2018-03-09 17:14:27','admin','2018-03-09 17:14:27','Anju Gagneja','NEW_BUSINESS','2017-10-03',NULL,'Enterprise Technology Services','Client Services & Tech (CST)','Collaboration Svcs - Anju Gagneja','Anju Gagneja',NULL,NULL,NULL,'2018-01-27','2017-10-02','FY18 Collaboration services needs for Connectme PM and development support','RFR',NULL,'Not Applicable','Software Engineer, System Engineer','2017-09-26',NULL,3,NULL,'LTI'),(18856,'admin','2018-03-09 17:14:27','admin','2018-03-09 17:14:27','Anju Gagneja','NEW_BUSINESS','2017-10-14',NULL,'Enterprise Technology Services','Client Services & Tech (CST)','Collaboration Svcs - Anju Gagneja','Anju Gagneja',NULL,NULL,NULL,'2018-01-27','2017-10-02','FY18 Collaboration services needs for Operations and support','RFR',NULL,'Not Applicable','Analyst, Software Engineer, System Engineer','2017-09-26',NULL,2,NULL,'LTI'),(18858,'admin','2018-03-09 17:14:27','admin','2018-03-09 17:14:27','Kundan Singh','NEW_BUSINESS','2017-10-09',NULL,'EMEIA IS&T Mgt','IS&T Corp & Customer Systems - EMEIA','IS&T Corp & Customer Systems - Pina Bithal','Kundan Singh',NULL,NULL,NULL,'2017-12-31','2017-10-16','CAP QA for FY18 Q1','RFR',NULL,'Not Applicable','QA Engineer','2017-09-27',NULL,3,NULL,'LTI'),(18859,'admin','2018-03-09 17:14:27','admin','2018-03-09 17:14:27','Beena Chauhan','NEW_BUSINESS','2017-11-07',NULL,'IS&T Enterprise Systems','Global Access Systems','Global Access Systems - Janette Nolan','Beena Chauhan',NULL,NULL,NULL,'2018-03-31','2017-11-13','Channel Sales - POS Analytics','RFR',NULL,'Not Applicable','System Engineer','2017-11-03',NULL,0,NULL,'LTI'),(18860,'admin','2018-03-09 17:14:27','admin','2018-03-09 17:14:27','Venu Shankar','NEW_BUSINESS','2017-10-04',NULL,'Retail and Online Stores','Mobile Apps Admin','Retail IS&T - David Den Boer','Venu Shankar',NULL,NULL,NULL,'2017-11-05','2017-10-02','Security Tester','RFR',NULL,'Not Applicable','Software Engineer','2017-09-27',NULL,0,NULL,'LTI'),(18861,'admin','2018-03-09 17:14:27','admin','2018-03-09 17:14:27','Alex Drobitko','NEW_BUSINESS','2017-10-11',NULL,'Enterprise Technology Services','Identity Mgmt Svcs','IDMS - Client Management','Alex Drobitko',NULL,NULL,NULL,NULL,NULL,'iOS QA Automation Engineer','RFR',NULL,'Not Applicable','Software Engineer','2017-09-27',NULL,0,NULL,'LTI'),(18863,'admin','2018-03-09 17:14:27','admin','2018-03-09 17:14:27','Vivek Gupta','NEW_BUSINESS','2017-11-17',NULL,'IS&T Enterprise Systems','SAP Global Systems','SAP Global Systems - Madhu Alur','Vivek Gupta',NULL,NULL,NULL,'2018-03-30','2017-10-30','SAP CRM & hybris Commerce Solution Architect','RFR',NULL,'Not Applicable','Functional Consultant','2017-09-27',NULL,2,NULL,'LTI'),(18872,'admin','2018-03-09 17:14:27','admin','2018-03-09 17:14:27','Ram Santhanagopal','NEW_BUSINESS','2017-10-12',NULL,'Enterprise Technology Services','Identity Mgmt Svcs','Identity Mgmt Svcs - Vin Agarwal','Ram Santhanagopal',NULL,NULL,NULL,'2018-03-31','2017-10-09','Technical EPM','RFR',NULL,'Not Applicable','Program Manager','2017-09-28',NULL,3,NULL,'LTI'),(18881,'admin','2018-03-09 17:14:27','admin','2018-03-09 17:14:27','Ankur Agarwal','NEW_BUSINESS','2017-10-12',NULL,'IS&T Eng Solutions Admin','iOS Systems','iOS Systems - Ari Nepon','Ankur Agarwal',NULL,NULL,NULL,'2018-04-07','2017-09-06','Apple Pay : Production Support Engineer','RFR',NULL,'Not Applicable','Software Engineer','2017-09-28',NULL,2,NULL,'LTI'),(18888,'admin','2018-03-09 17:14:27','admin','2018-03-09 17:14:27','Sathish Kommuri','NEW_BUSINESS','2017-11-25',NULL,'IS&T Enterprise Systems','SAP Global Systems','SAP Global Systems - Laura Neo','Sathish Kommuri',NULL,NULL,NULL,NULL,'2017-10-09','SAP Techno/Functional Consultant','RFR',NULL,'Not Applicable','Technical Lead','2017-10-11',NULL,3,NULL,'LTI'),(18892,'admin','2018-03-09 17:14:27','admin','2018-03-09 17:14:27','Kay Chen','NEW_BUSINESS','2017-10-06',NULL,'IS&T Enterprise Systems','AMR IS&T',NULL,'Kay Chen',NULL,NULL,NULL,'2017-12-21','2017-10-07','AMR IS&T Infrastructure Services Technician','RFR',NULL,'Not Applicable','Analyst','2017-09-29',NULL,3,NULL,'LTI'),(18894,'admin','2018-03-09 17:14:27','admin','2018-03-09 17:14:27','Sudhakar Mambakkam','NEW_BUSINESS','2017-10-07',NULL,'Enterprise Technology Services','Identity Mgmt Svcs','Core SW Engineering ETS - Selva Subramaniam','Sudhakar Mambakkam',NULL,NULL,NULL,'2018-01-31','2017-10-16','Java engineer for IdMS platform','RFR',NULL,'Not Applicable','Software Engineer','2017-09-30',NULL,3,NULL,'LTI'),(18906,'admin','2018-03-09 17:14:27','admin','2018-03-09 17:14:27','George Lin','NEW_BUSINESS','2017-10-18',NULL,'IS&T Eng Solutions Admin','iOS Systems','iOS Systems - George Lin','George Lin',NULL,NULL,NULL,NULL,'2017-11-06','Onshore Server Side Java Engineer','RFR',NULL,'Not Applicable','Software Engineer','2017-10-03',NULL,3,NULL,'LTI'),(18907,'admin','2018-03-09 17:14:27','admin','2018-03-09 17:14:27','Ahmed Amin','NEW_BUSINESS','2017-12-08',NULL,'IS&T Eng Solutions Admin','Self Service Engineering- Eddie Fan','Self Service Engineering - Ethan DeYoung','Ahmed Amin',NULL,NULL,NULL,NULL,'2017-10-09','Web Software Quality Assurance Engineer','RFR',NULL,'Not Applicable','QA Engineer, QA Lead','2017-10-03',NULL,2,NULL,'LTI'),(18914,'admin','2018-03-09 17:14:27','admin','2018-03-09 17:14:27','Deepak Modi','NEW_BUSINESS','2017-10-14',NULL,'IS&T Management Admin-APAC','IS&T Corporate Systems - APAC','IS&T Corporate Systems -Deepak Modi','Deepak Modi',NULL,NULL,NULL,NULL,NULL,'Singapore onsite Tableau consultant (Revised scope)','RFR',NULL,'Not Applicable','Consultant','2017-10-04',NULL,3,NULL,'LTI'),(18917,'admin','2018-03-09 17:14:27','admin','2018-03-09 17:14:27','Rebecca Lee','NEW_BUSINESS','2017-10-11',NULL,'Enterprise Technology Services','ETS / Integration Services','ETS/Integration Services - Biren Sanghrajka','Rebecca Lee',NULL,NULL,NULL,'2017-12-30','2017-10-16','L&T: Renewal Contractors','RFR',NULL,'Not Applicable','Analyst','2017-10-04',NULL,3,NULL,'LTI'),(18937,'admin','2018-03-09 17:14:27','admin','2018-03-09 17:14:27','Kevin Kwon','NEW_BUSINESS','2017-10-11',NULL,'IS&T Eng Solutions Admin','Applied Machine Learning','Applied Machine Learning - Michael Artemiw','Kevin Kwon',NULL,NULL,NULL,'2017-12-30','2017-10-02','Wipro- FY18 Q1 Ramone Esponal','RFR',NULL,'Not Applicable','Other','2017-10-04',NULL,0,NULL,'LTI'),(18942,'admin','2018-03-09 17:14:27','admin','2018-03-09 17:14:27','Shelley Relph','NEW_BUSINESS','2017-10-18',NULL,'IS&T Enterprise Systems','IS&T Enterprise Systems - Harald Reiter','SAP Arch, Sec & Perf','Shelley Relph',NULL,NULL,NULL,NULL,'2017-10-23','SAP Information Security Resource','RFR',NULL,'Not Applicable','Analyst','2017-10-04',NULL,3,NULL,'LTI'),(18954,'admin','2018-03-09 17:14:27','admin','2018-03-09 17:14:27','Satish Vanga','NEW_BUSINESS','2017-10-19',NULL,'IS&T Eng Solutions Admin','Customer Systems','Customer Systems - Scott Leahy','Satish Vanga',NULL,NULL,NULL,'2018-09-30','2017-10-23','CS Platform Services - Lead the development effort for new or existing platform services components.','RFR',NULL,'Not Applicable','Software Engineer, Technical Lead','2017-10-05',NULL,3,NULL,'LTI'),(18959,'admin','2018-03-09 17:14:27','admin','2018-03-09 17:14:27','Justin Gaerlan','RENEWAL','2017-10-12',NULL,'IS&T Eng Solutions Admin','Applied Machine Learning','Applied Machine Learning - Michael Artemiw','Kevin Kwon',NULL,NULL,NULL,'2016-12-30','2016-09-26','L&T Infotech- FY17 Q4 Nikhil Mandlik','RFR',NULL,'Not Applicable',NULL,'2017-10-05',NULL,3,NULL,'LTI'),(18972,'admin','2018-03-09 17:14:27','admin','2018-03-09 17:14:27','Sari Karppinen','NEW_BUSINESS','2017-10-20',NULL,'EMEIA IS&T Mgt','IS&T Corp & Customer Systems - EMEIA','IS&T Corp & Customer Systems -  Kellie McDonald','Sari Karppinen',NULL,NULL,NULL,NULL,'2018-01-02','Business Analyst (cross-functional), Customer Systems, EMEIA','RFR',NULL,'Not Applicable','Analyst','2017-10-06',NULL,0,NULL,'LTI'),(18973,'admin','2018-03-09 17:14:27','admin','2018-03-09 17:14:27','Annie Li','NEW_BUSINESS','2017-10-23',NULL,'GNCS - Admin','GNCS - Platform Services','GNCS - Platform Services - Brian Blitzer','Annie Li',NULL,NULL,NULL,'2018-06-30','2017-10-10','Java developer in GNCS Cloud Engineering','RFR',NULL,'Not Applicable','Software Engineer','2017-10-09',NULL,2,NULL,'LTI'),(18977,'admin','2018-03-09 17:14:27','admin','2018-03-09 17:14:27','Debbie Feggeler','NEW_BUSINESS','2017-10-20',NULL,'IS&T Enterprise Systems','SAP Global Systems','SAP Global Systems - Madhu Alur','Debbie Feggeler',NULL,NULL,NULL,'2018-06-30','2017-11-06','SAP CRM Functional Analyst - Offshore','RFR',NULL,'Not Applicable','Functional Consultant','2017-10-06',NULL,3,NULL,'LTI'),(18979,'admin','2018-03-09 17:14:27','admin','2018-03-09 17:14:27','Satish Vanga','NEW_BUSINESS','2017-10-20',NULL,'IS&T Eng Solutions Admin','Customer Systems','Customer Systems - Scott Leahy','Satish Vanga',NULL,NULL,NULL,'2018-09-30','2017-10-23','CS Platform Services - Lead the development effort for new or existing platform services components.','RFR',NULL,'Not Applicable','Technical Lead','2017-10-06',NULL,3,NULL,'LTI'),(18983,'admin','2018-03-09 17:14:27','admin','2018-03-09 17:14:27','Geetha Kurup','NEW_BUSINESS','2017-10-23',NULL,'Enterprise Technology Services','Identity Mgmt Svcs','Identity Mgmt Svcs - Vin Agarwal','Geetha Kurup',NULL,NULL,NULL,NULL,NULL,'Technical Project Manager','RFR',NULL,'Not Applicable','Project Manager','2017-10-09',NULL,3,NULL,'LTI'),(18988,'admin','2018-03-09 17:14:27','admin','2018-03-09 17:14:27','Rumy Mirza','NEW_BUSINESS','2017-10-30',NULL,'IS&T Eng Solutions Admin','Customer Systems','Customer Systems - Scott Leahy','Rumy Mirza',NULL,NULL,NULL,NULL,NULL,'Infrastructure automation engineer (Ansible)','RFR',NULL,'Not Applicable','System Engineer','2017-10-09',NULL,0,NULL,'LTI'),(18992,'admin','2018-03-09 17:14:27','admin','2018-03-09 17:14:27','Sathya Venkatasubramanian','NEW_BUSINESS','2017-10-31',NULL,'IS&T Enterprise Systems','Global Access Systems','Global Access Systems - JeanMarie Mariadassou','Sathya Venkatasubramanian',NULL,NULL,NULL,'2018-09-30','2017-10-09','ETL Modernization - RFI for the ETL Pipeline','RFP','Allow Vendors to decide','Development',NULL,'2017-10-09',NULL,2,NULL,'LTI'),(19034,'admin','2018-03-09 17:14:27','admin','2018-03-09 17:14:27','Lael Miller','NEW_BUSINESS','2017-10-27',NULL,'IS&T Enterprise Systems','SAP Global Systems','SAP Global Systems - Laura Neo','Lael Miller',NULL,NULL,NULL,'2018-05-04','2017-11-13','Stickers: Integrated Shipping Solution','RFR',NULL,'Not Applicable','Technical Lead','2017-10-13',NULL,0,NULL,'LTI'),(19035,'admin','2018-03-09 17:14:27','admin','2018-03-09 17:14:27','Bill Liu','NEW_BUSINESS','2017-10-27',NULL,'IS&T Enterprise Systems','Global Access Systems','Global Access Systems - JeanMarie Mariadassou','Bill Liu',NULL,NULL,NULL,NULL,NULL,'Scala developer for GBI Data Analytics Platform','RFR',NULL,'Not Applicable','Software Engineer','2017-10-13',NULL,3,NULL,'LTI'),(19046,'admin','2018-03-09 17:14:27','admin','2018-03-09 17:14:27','Zahid Jeelani','NEW_BUSINESS','2017-10-30',NULL,'IS&T Eng Solutions Admin','IS&T Eng Solutions Admin - Jim Neeson','Corp Systems Ent. Services','Zahid Jeelani',NULL,NULL,NULL,NULL,NULL,'Experienced (Senior) Java developer with Drool Rule Engine experience','RFR',NULL,'Not Applicable','Software Engineer','2017-10-16',NULL,2,NULL,'LTI'),(19048,'admin','2018-03-09 17:14:27','admin','2018-03-09 17:14:27','Subbu Subramaniam','NEW_BUSINESS','2017-10-24',NULL,'IS&T Enterprise Systems','SAP Global Systems','SAP Global Systems - Madhu Alur','Subbu Subramaniam',NULL,NULL,NULL,NULL,'2017-12-01','Senior SAP SD/MM Consultant with IS Retail background (Preferred)','RFR',NULL,'Not Applicable','Consultant','2017-10-16',NULL,3,NULL,'LTI'),(19050,'admin','2018-03-09 17:14:27','admin','2018-03-09 17:14:27','Samuel Chacko','NEW_BUSINESS','2017-11-30',NULL,'IS&T Eng Solutions Admin','iOS Systems','iOS Systems - Dheeraj Singh','Samuel Chacko',NULL,NULL,NULL,NULL,NULL,'Software Engineer - Full Stack','RFR',NULL,'Not Applicable','Software Engineer','2017-10-16',NULL,3,NULL,'LTI'),(19051,'admin','2018-03-09 17:14:27','admin','2018-03-09 17:14:27','Pavithra Gopisetty','NEW_BUSINESS','2017-10-30',NULL,'IS&T Enterprise Systems','Global Access Systems','Global Access Systems  - Ralf Rotter','Pavithra Gopisetty',NULL,NULL,NULL,'2017-12-31','2017-10-23','Project Manager for Druid, Hydra EDM and Laser','RFR',NULL,'Not Applicable','Project Manager','2017-10-16',NULL,0,NULL,'LTI'),(19052,'admin','2018-03-09 17:14:27','admin','2018-03-09 17:14:27','Pravina Alve','NEW_BUSINESS','2017-10-23',NULL,'IS&T Enterprise Systems','SAP Global Systems','SAP Global Systems - Manish Agarwal','Pravina Alve',NULL,NULL,NULL,'2017-12-31','2017-10-30','Oracle BPM/SOA:Additional Resources','RFR',NULL,'Not Applicable','Other','2017-10-16',NULL,3,NULL,'LTI'),(19055,'admin','2018-03-09 17:14:27','admin','2018-03-09 17:14:27','Vinay Gupte','NEW_BUSINESS','2017-10-24',NULL,'IS&T Enterprise Systems','IS&T Enterprise Systems - Harald Reiter','Sudeep Achalia - Global ABAP','Vinay Gupte',NULL,NULL,NULL,'2017-12-30','2017-11-06','TLI - FY18 Q1','RFR',NULL,'Not Applicable','Consultant, Consultant','2017-10-17',NULL,3,NULL,'LTI'),(19056,'admin','2018-03-09 17:14:27','admin','2018-03-09 17:14:27','Sameer Khandekar','NEW_BUSINESS','2017-11-18',NULL,'IS&T Enterprise Systems','Global Access Systems','Global Access Systems - Joseph Kotni','Sameer Khandekar',NULL,NULL,NULL,'2018-06-30','2017-12-01','CentralStation development','RFR',NULL,'Not Applicable','Software Engineer, Technical Lead','2017-10-17',NULL,0,NULL,'LTI'),(19057,'admin','2018-03-09 17:14:27','admin','2018-03-09 17:14:27','Juzar Rangoonwala','NEW_BUSINESS','2017-10-31',NULL,'IS&T Enterprise Systems','SAP Global Systems','SAP Global Systems - Madhu Alur','Juzar Rangoonwala',NULL,NULL,NULL,'2017-12-29','2017-11-02','SAP GTS Resource','RFR',NULL,'Not Applicable','Consultant','2017-10-17',NULL,3,NULL,'LTI'),(19058,'admin','2018-03-09 17:14:27','admin','2018-03-09 17:14:27','Juzar Rangoonwala','NEW_BUSINESS','2017-10-31',NULL,'IS&T Enterprise Systems','SAP Global Systems','SAP Global Systems - Madhu Alur','Juzar Rangoonwala',NULL,NULL,NULL,'2017-12-29','2017-11-02','SAP GTS Resource','RFR',NULL,'Not Applicable','Consultant','2017-10-17',NULL,2,NULL,'LTI'),(19062,'admin','2018-03-09 17:14:27','admin','2018-03-09 17:14:27','Olive Simonin','NEW_BUSINESS','2017-11-01',NULL,'EMEIA IS&T Mgt','I.T. Service COR','I.T. Service COR - Turlough Fitzpatrick','Olive Simonin',NULL,NULL,NULL,'2018-02-15','2017-11-06','EMEIA GBI Compliance Project','RFP','Allow Vendors to decide','Development, Others, Testing',NULL,'2017-10-19',NULL,2,NULL,'LTI'),(19063,'admin','2018-03-09 17:14:27','admin','2018-03-09 17:14:27','Zahid Jeelani','NEW_BUSINESS','2017-11-01',NULL,'IS&T Eng Solutions Admin','IS&T Eng Solutions Admin - Jim Neeson','Corp Systems Ent. Services','Zahid Jeelani',NULL,NULL,NULL,NULL,NULL,'Experienced (Senior) server side Java developer with BPM experience','RFR',NULL,'Not Applicable','Software Engineer','2017-10-18',NULL,0,NULL,'LTI'),(19066,'admin','2018-03-09 17:14:27','admin','2018-03-09 17:14:27','Anthony Shortland','NEW_BUSINESS','2017-11-01',NULL,'GNCS - Admin','GNCS - Platform Services','GNCS - Platform Services - Brian Blitzer','Anthony Shortland',NULL,NULL,NULL,'2018-03-31','2017-11-01','Cloud test automation engineer','RFR',NULL,'Not Applicable','QA Engineer','2017-10-18',NULL,1,NULL,'LTI'),(19067,'admin','2018-03-09 17:14:27','admin','2018-03-09 17:14:27','David Taylor','NEW_BUSINESS','2018-01-07',NULL,'IS&T Enterprise Systems','IT Governance & Planning - Brandon Casey','IT Governance & Planning - David Taylor','David Taylor',NULL,NULL,NULL,'2018-03-31','2017-11-01','Sr. Software Engineer - Clojure','RFR',NULL,'Not Applicable','Software Engineer','2017-10-18',NULL,2,NULL,'LTI'),(19073,'admin','2018-03-09 17:14:27','admin','2018-03-09 17:14:27','George Lin','NEW_BUSINESS','2017-11-03',NULL,'IS&T Eng Solutions Admin','iOS Systems','iOS Systems - George Lin','George Lin',NULL,NULL,NULL,NULL,'2017-11-27','Onshore Server Side Java Engineer','RFR',NULL,'Not Applicable','Software Engineer','2017-10-19',NULL,0,NULL,'LTI'),(19084,'admin','2018-03-09 17:14:27','admin','2018-03-09 17:14:27','Samuel Chacko','NEW_BUSINESS','2017-11-02',NULL,'IS&T Eng Solutions Admin','iOS Systems','iOS Systems - Dheeraj Singh','Samuel Chacko',NULL,NULL,NULL,NULL,NULL,'Software Engineer - Full Stack','RFR',NULL,'Not Applicable','Software Engineer','2017-10-19',NULL,3,NULL,'LTI'),(19089,'admin','2018-03-09 17:14:27','admin','2018-03-09 17:14:27','Aakanksha Tewari','NEW_BUSINESS','2017-11-03',NULL,'IS&T Eng Solutions Admin','iOS Systems','iOS Systems - Kathryn Hanrahan Pierce','Aakanksha Tewari',NULL,NULL,NULL,NULL,NULL,'iOS Systems DevOps Project Manager','RFR',NULL,'Not Applicable','Project Manager','2017-10-20',NULL,3,NULL,'LTI'),(19100,'admin','2018-03-09 17:14:27','admin','2018-03-09 17:14:27','Nataraj Hiremath Mallikarjuna','NEW_BUSINESS','2017-11-03',NULL,'Enterprise Technology Services','Emerging Technology ETS','ETS Platform Engineering','Nataraj Hiremath Mallikarjuna',NULL,NULL,NULL,'2018-03-31','2017-11-04','RFR for Stratos','RFR',NULL,'Not Applicable','Software Engineer','2017-10-20',NULL,0,NULL,'LTI'),(19104,'admin','2018-03-09 17:14:27','admin','2018-03-09 17:14:27','Deepak Modi','NEW_BUSINESS','2017-11-24',NULL,'IS&T Management Admin-APAC','IS&T Corporate Systems - APAC','IS&T Corporate Systems -Deepak Modi','Deepak Modi',NULL,NULL,NULL,NULL,NULL,'Singapore onsite BI trainer','RFR',NULL,'Not Applicable','Other','2017-10-23',NULL,0,NULL,'LTI'),(19120,'admin','2018-03-09 17:14:27','admin','2018-03-09 17:14:27','Brian McCurtis','NEW_BUSINESS','2017-11-07',NULL,'IS&T Enterprise Systems','AMR IS&T','AMR IS&T - Jon White','Brian McCurtis',NULL,NULL,NULL,'2018-03-30','2017-11-27','Offshore FY18/Q1 Infrastructure Support Resource','RFR',NULL,'Not Applicable','Technical Lead','2017-10-24',NULL,3,NULL,'LTI'),(19121,'admin','2018-03-09 17:14:27','admin','2018-03-09 17:14:27','Ravi Gurusamy','NEW_BUSINESS','2017-11-07',NULL,'IS&T Enterprise Systems','SAP Global Systems','SAP Global Systems - Laura Neo','Ravi Gurusamy',NULL,NULL,NULL,'2018-05-31','2017-11-01','SAP-MM/Logistics Consultant','RFR',NULL,'Not Applicable','Consultant, Consultant','2017-10-24',NULL,1,NULL,'LTI'),(19126,'admin','2018-03-09 17:14:27','admin','2018-03-09 17:14:27','John Rudden','NEW_BUSINESS','2017-11-01',NULL,'IS&T Eng Solutions Admin','iOS Systems','iOS Systems - Kathryn Hanrahan Pierce','Rick Kung',NULL,NULL,NULL,'2018-07-07','2017-10-02','Sr Java Developer (onsite)','RFR',NULL,'Not Applicable','Software Engineer','2017-10-24',NULL,3,NULL,'LTI'),(19134,'admin','2018-03-09 17:14:27','admin','2018-03-09 17:14:27','Reena Parmar','NEW_BUSINESS','2017-11-09',NULL,'EMEIA IS&T Mgt','I.T. Service COR','I.T. Service COR - Paulo Fernandes Gomes','Reena Parmar',NULL,NULL,NULL,'2018-02-15','2017-11-15','PoC: Python analyst/developer required for Apple contracts data segmentation','RFR',NULL,'Not Applicable','Software Engineer','2017-10-30',NULL,0,NULL,'LTI'),(19135,'admin','2018-03-09 17:14:27','admin','2018-03-09 17:14:27','Ben Kieke','NEW_BUSINESS','2017-11-09',NULL,'IS&T Enterprise Systems','AMR IS&T','AMR IS&T - Jon White','Ben Kieke',NULL,NULL,NULL,'2018-08-31','2017-11-27','Onshore FY18 iUP Project Data Preparation Analyst','RFR',NULL,'Not Applicable','Analyst','2017-10-26',NULL,0,NULL,'LTI'),(19137,'admin','2018-03-09 17:14:27','admin','2018-03-09 17:14:27','Subbu Subramaniam','NEW_BUSINESS','2017-11-02',NULL,'IS&T Enterprise Systems','SAP Global Systems','SAP Global Systems - Madhu Alur','Subbu Subramaniam',NULL,NULL,NULL,NULL,'2017-12-01','Senior SAP SD/MM Consultant with IS Retail background (Preferred)','RFR',NULL,'Not Applicable','Consultant','2017-10-26',NULL,2,NULL,'LTI'),(19139,'admin','2018-03-09 17:14:27','admin','2018-03-09 17:14:27','Gaurav Rawal','NEW_BUSINESS','2017-11-09',NULL,'IS&T Enterprise Systems','SAP Global Systems','SAP Global Systems - Madhu Alur','Gaurav Rawal',NULL,NULL,NULL,'2018-03-30','2017-11-20','SAP  FICO Consultant','RFR',NULL,'Not Applicable','Functional Consultant','2017-10-26',NULL,3,NULL,'LTI'),(19148,'admin','2018-03-09 17:14:27','admin','2018-03-09 17:14:27','Ganesh Chandrasekaran','NEW_BUSINESS','2017-11-11',NULL,'IS&T Enterprise Systems','SAP Global Systems','SAP Global Systems - Laura Neo','Ganesh Chandrasekaran',NULL,NULL,NULL,'2018-05-31','2017-11-01','SAP-MM/Logistics Lead Consultant','RFR',NULL,'Not Applicable','Consultant','2017-10-28',NULL,0,NULL,'LTI'),(19150,'admin','2018-03-09 17:14:27','admin','2018-03-09 17:14:27','Brian McCurtis','NEW_BUSINESS','2017-11-08',NULL,'IS&T Enterprise Systems','AMR IS&T','AMR IS&T - Jon White','Brian McCurtis',NULL,NULL,NULL,'2018-03-30','2017-11-14','FY18/Q1 Infrastructure Support Resource','RFR',NULL,'Not Applicable','Technical Lead','2017-10-30',NULL,0,NULL,'LTI'),(19152,'admin','2018-03-09 17:14:27','admin','2018-03-09 17:14:27','Sanjeev Jain','NEW_BUSINESS','2017-11-30',NULL,'IS&T Enterprise Systems','SAP Global Systems','SAP Global Systems - Laura Neo','Sanjeev Jain',NULL,NULL,NULL,'2018-08-30','2017-12-01','SAP BRF+ Onsite requirement','RFR',NULL,'Not Applicable','Functional Consultant','2017-10-30',NULL,0,NULL,'LTI'),(19156,'admin','2018-03-09 17:14:27','admin','2018-03-09 17:14:27','John Rudden','NEW_BUSINESS','2017-11-09',NULL,'IS&T Eng Solutions Admin','iOS Systems','iOS Systems - Kathryn Hanrahan Pierce','Rick Kung',NULL,NULL,NULL,NULL,'2017-11-13','Radar Client Sr. Swift/Objective-C developer','RFR',NULL,'Not Applicable','Software Engineer','2017-10-31',NULL,0,NULL,'LTI'),(19158,'admin','2018-03-09 17:14:27','admin','2018-03-09 17:14:27','Krishna Kumar Gattam Pandurangan','NEW_BUSINESS','2017-11-14',NULL,'IS&T Eng Solutions Admin','Partner Solutions and Tech','Partner Solutions and Tech - Anne Lairmore','Krishna Kumar Gattam Pandurangan',NULL,NULL,NULL,NULL,NULL,'AEM senior Developer','RFR',NULL,'Not Applicable','Other','2017-10-31',NULL,0,NULL,'LTI'),(19160,'admin','2018-03-09 17:14:27','admin','2018-03-09 17:14:27','Winnie Chang','NEW_BUSINESS','2017-11-11',NULL,'IS&T Enterprise Systems','IS&T Enterprise Systems - Harald Reiter','Sudeep Achalia - Global ABAP','Winnie Chang',NULL,NULL,NULL,'2017-12-30','2017-11-13','FY18-Q1: ABAP Development - LTI - Multiple BHUs','RFR',NULL,'Not Applicable','Consultant, Consultant','2017-11-01',NULL,2,NULL,'LTI'),(19166,'admin','2018-03-09 17:14:27','admin','2018-03-09 17:14:27','Srinivas Thota','NEW_BUSINESS','2017-11-14',NULL,'IS&T Enterprise Systems','Global Access Systems','Global Access Systems - JeanMarie Mariadassou','Srinivas Thota',NULL,NULL,NULL,NULL,'2017-11-07','OEL 5 to OEL 7 migration','RFP','Fixed Bid','Development, Maintenance',NULL,'2017-10-31',NULL,2,NULL,'LTI'),(19168,'admin','2018-03-09 17:14:27','admin','2018-03-09 17:14:27','Deepali Singh','NEW_BUSINESS','2017-11-15',NULL,'EMEIA IS&T Mgt','I.T. Service COR','I.T. Service COR - Paulo Fernandes Gomes','Deepali Singh',NULL,NULL,NULL,'2018-03-31','2018-01-01','Affordability data induction and Tableau Dashboard realignment','RFP','Allow Vendors to decide','Development, Maintenance, Production Support, Testing',NULL,'2017-11-01',NULL,0,NULL,'LTI'),(19171,'admin','2018-03-09 17:14:27','admin','2018-03-09 17:14:27','Krishna Kumar Gattam Pandurangan','NEW_BUSINESS','2017-11-15',NULL,'IS&T Eng Solutions Admin','Partner Solutions and Tech','Partner Solutions and Tech - Anne Lairmore','Krishna Kumar Gattam Pandurangan',NULL,NULL,NULL,'2018-09-30','2017-11-01','FY18 Java Application developers','RFR',NULL,'Not Applicable','Technical Lead','2017-11-01',NULL,0,NULL,'LTI'),(19176,'admin','2018-03-09 17:14:27','admin','2018-03-09 17:14:27','Ravi Gurusamy','NEW_BUSINESS','2017-11-15',NULL,'IS&T Enterprise Systems','SAP Global Systems','SAP Global Systems - Laura Neo','Ravi Gurusamy',NULL,NULL,NULL,'2018-05-31','2017-11-08','SAP-MM/Logistics Consultant','RFR',NULL,'Not Applicable','Consultant','2017-11-01',NULL,0,NULL,'LTI'),(19191,'admin','2018-03-09 17:14:27','admin','2018-03-09 17:14:27','George Lin','NEW_BUSINESS','2017-11-16',NULL,'IS&T Eng Solutions Admin','iOS Systems','iOS Systems - George Lin','George Lin',NULL,NULL,NULL,NULL,'2017-10-30','Offshore Server Side Java Engineer - Lakshmi Narayana','RFR',NULL,'Not Applicable','Software Engineer','2017-11-02',NULL,3,NULL,'LTI'),(19193,'admin','2018-03-09 17:14:27','admin','2018-03-09 17:14:27','Niki Gastinel','NEW_BUSINESS','2017-11-16',NULL,'IS&T Enterprise Systems','Global Access Systems','Global Access Systems - Janette Nolan','Niki Gastinel',NULL,NULL,NULL,'2017-12-31','2017-11-06','GBI Sales: request for a Tableau developer for ATLC','RFR',NULL,'Not Applicable','Analyst','2017-11-02',NULL,3,NULL,'LTI'),(19198,'admin','2018-03-09 17:14:27','admin','2018-03-09 17:14:27','Venkata Tagirisa','NEW_BUSINESS','2017-11-16',NULL,'IS&T Enterprise Systems','SAP Global Systems','SAP Global Systems - Madhu Alur','Venkata Tagirisa',NULL,NULL,NULL,'2018-09-28','2017-12-04','SAP CRM Functional consultant - Onsite','RFR',NULL,'Not Applicable','Functional Consultant','2017-11-02',NULL,0,NULL,'LTI'),(19199,'admin','2018-03-09 17:14:27','admin','2018-03-09 17:14:27','Nandu Kesavan','NEW_BUSINESS','2017-11-17',NULL,'IS&T Eng Solutions Admin','Customer Systems','Customer Systems - Scott Leahy','Nandu Kesavan',NULL,NULL,NULL,'2018-12-31','2017-11-21','Onsite Performance Test Engineer for CC-Tech Projects','RFR',NULL,'Not Applicable','QA Lead','2017-11-03',NULL,3,NULL,'LTI'),(19208,'admin','2018-03-09 17:14:27','admin','2018-03-09 17:14:27','James Park','NEW_BUSINESS','2017-11-17',NULL,'IS&T Eng Solutions Admin','Applied Machine Learning','Applied Machine Learning - Vijay Mariadassou','James Park',NULL,NULL,NULL,'2018-06-30','2017-11-28','Senior Java Engineer','RFR',NULL,'Not Applicable','Software Engineer','2017-11-03',NULL,2,NULL,'LTI'),(19209,'admin','2018-03-09 17:14:27','admin','2018-03-09 17:14:27','Guru Jayaraman','NEW_BUSINESS','2017-11-20',NULL,'Enterprise Technology Services','Identity Mgmt Svcs','Core SW Engineering ETS - Selva Subramaniam','Guru Jayaraman',NULL,NULL,NULL,NULL,'2017-11-27','Identity Management System - Data Insight and Report Generation','RFR',NULL,'Not Applicable','Technical Lead','2017-11-06',NULL,3,NULL,'LTI'),(19210,'admin','2018-03-09 17:14:27','admin','2018-03-09 17:14:27','Juzar Rangoonwala','NEW_BUSINESS','2017-11-20',NULL,'IS&T Enterprise Systems','SAP Global Systems','SAP Global Systems - Madhu Alur','Juzar Rangoonwala',NULL,NULL,NULL,'2018-03-30','2017-12-04','SAP GTS Resource','RFR',NULL,'Not Applicable','Functional Consultant','2017-11-06',NULL,2,NULL,'LTI'),(19213,'admin','2018-03-09 17:14:27','admin','2018-03-09 17:14:27','Nupur Gupta','NEW_BUSINESS','2017-11-20',NULL,'IS&T Eng Solutions Admin','Partner Solutions and Tech','Partner Solutions and Tech - Anne Lairmore','Nupur Gupta',NULL,NULL,NULL,NULL,NULL,'Sr. Java/ Java EE engineer','RFR',NULL,'Not Applicable','Analyst','2017-11-06',NULL,0,NULL,'LTI'),(19216,'admin','2018-03-09 17:14:27','admin','2018-03-09 17:14:27','Aakanksha Tewari','NEW_BUSINESS','2017-11-20',NULL,'IS&T Eng Solutions Admin','iOS Systems','iOS Systems - Kathryn Hanrahan Pierce','Aakanksha Tewari',NULL,NULL,NULL,NULL,NULL,'iOS Systems DevOps Project Manager','RFR',NULL,'Not Applicable','Project Manager','2017-11-06',NULL,3,NULL,'LTI'),(19222,'admin','2018-03-09 17:14:27','admin','2018-03-09 17:14:27','Mimi Balcom','NEW_BUSINESS','2017-11-20',NULL,'GNCS - Admin','GNCS - Platform Services','GNCS - Platform Services - Brian Blitzer','Mimi Balcom',NULL,NULL,NULL,'2018-05-31','2017-12-04','Cloud test automation engineer','RFR',NULL,'Not Applicable','QA Engineer','2017-11-06',NULL,1,NULL,'LTI'),(19228,'admin','2018-03-09 17:14:27','admin','2018-03-09 17:14:27','Ethan DeYoung','NEW_BUSINESS','2017-12-30',NULL,'IS&T Eng Solutions Admin','Self Service Engineering- Eddie Fan','Self Service Engineering - Ethan DeYoung','Ethan DeYoung',NULL,NULL,NULL,NULL,NULL,'UI Engineer for Online Support Site and applications','RFR',NULL,'Not Applicable','Software Engineer','2017-11-07',NULL,0,NULL,'LTI'),(19229,'admin','2018-03-09 17:14:27','admin','2018-03-09 17:14:27','Vivek Gupta','NEW_BUSINESS','2017-12-01',NULL,'IS&T Enterprise Systems','SAP Global Systems','SAP Global Systems - Madhu Alur','Vivek Gupta',NULL,NULL,NULL,'2018-06-15','2018-01-02','SAP CRM Functional Analyst - Offshore','RFR',NULL,'Not Applicable','Functional Consultant','2017-11-07',NULL,0,NULL,'LTI'),(19235,'admin','2018-03-09 17:14:27','admin','2018-03-09 17:14:27','Clarence Tam','NEW_BUSINESS','2017-11-14',NULL,'IS&T Enterprise Systems','Global Access Systems','Global Data Warehousing','Clarence Tam',NULL,NULL,NULL,'2017-12-30','2017-11-14','Python Developer','RFR',NULL,'Not Applicable','Software Engineer','2017-11-07',NULL,0,NULL,'LTI'),(19236,'admin','2018-03-09 17:14:27','admin','2018-03-09 17:14:27','Clarence Tam','NEW_BUSINESS','2017-11-15',NULL,'IS&T Enterprise Systems','Global Access Systems','Global Data Warehousing','Clarence Tam',NULL,NULL,NULL,'2017-12-30','2017-11-27','Senior TFL','RFR',NULL,'Not Applicable','Technical Lead','2017-11-08',NULL,0,NULL,'LTI'),(19244,'admin','2018-03-09 17:14:27','admin','2018-03-09 17:14:27','Mohamed Thahir','NEW_BUSINESS','2017-11-22',NULL,'IS&T Eng Solutions Admin','Partner Solutions and Tech','Partner Solutions and Tech - Anne Lairmore','Mohamed Thahir',NULL,NULL,NULL,'2018-09-30','2017-11-01','FY18 Java Application developers for Digital Experience Solution','RFR',NULL,'Not Applicable','Software Engineer, Technical Lead','2017-11-08',NULL,0,NULL,'LTI'),(19246,'admin','2018-03-09 17:14:27','admin','2018-03-09 17:14:27','Ashlesha Rai','NEW_BUSINESS','2017-11-22',NULL,'IS&T Enterprise Systems','Global Access Systems','Global Access Systems - Janette Nolan','Ashlesha Rai',NULL,NULL,NULL,'2018-06-30','2017-12-01','Need UI UX resource','RFR',NULL,'Not Applicable','Other','2017-11-08',NULL,0,NULL,'LTI'),(19248,'admin','2018-03-09 17:14:27','admin','2018-03-09 17:14:27','Raj Asirvatham','NEW_BUSINESS','2017-11-22',NULL,'IS&T Enterprise Systems','SAP Global Systems','SAP Global Systems - Madhu Alur','Raj Asirvatham',NULL,NULL,NULL,'2017-12-30','2017-11-27','SAP CRM Functional Analyst - Offshore','RFR',NULL,'Not Applicable','Functional Consultant','2017-11-08',NULL,3,NULL,'LTI'),(19249,'admin','2018-03-09 17:14:27','admin','2018-03-09 17:14:27','Debbie Feggeler','NEW_BUSINESS','2017-11-15',NULL,'IS&T Enterprise Systems','SAP Global Systems','SAP Global Systems - Madhu Alur','Debbie Feggeler',NULL,NULL,NULL,NULL,'2017-11-27','SAP CRM Functional Analyst - Offshore','RFR',NULL,'Not Applicable','Functional Consultant','2017-11-08',NULL,3,NULL,'LTI');
/*!40000 ALTER TABLE `rfr` ENABLE KEYS */;
UNLOCK TABLES;
/*!40103 SET TIME_ZONE=@OLD_TIME_ZONE */;

/*!40101 SET SQL_MODE=@OLD_SQL_MODE */;
/*!40014 SET FOREIGN_KEY_CHECKS=@OLD_FOREIGN_KEY_CHECKS */;
/*!40014 SET UNIQUE_CHECKS=@OLD_UNIQUE_CHECKS */;
/*!40101 SET CHARACTER_SET_CLIENT=@OLD_CHARACTER_SET_CLIENT */;
/*!40101 SET CHARACTER_SET_RESULTS=@OLD_CHARACTER_SET_RESULTS */;
/*!40101 SET COLLATION_CONNECTION=@OLD_COLLATION_CONNECTION */;
/*!40111 SET SQL_NOTES=@OLD_SQL_NOTES */;

-- Dump completed on 2018-03-09 17:25:44
